Date,Close,Open,High,Low,Volume
2019-01-02,1284.1,1285.0,1291.0,1280.6,235330.0
2019-01-03,1294.8,1288.5,1296.9,1286.4,244540.0
2019-01-04,1285.8,1296.5,1300.4,1278.1,316060.0
2019-01-07,1289.9,1287.0,1297.0,1284.1,204680.0
2019-01-08,1285.9,1289.9,1291.4,1280.2,221920.0
2019-01-09,1292.0,1286.1,1295.0,1280.9,245970.0
2019-01-10,1287.4,1294.7,1298.0,1286.7,239920.0
2019-01-11,1289.5,1287.6,1295.7,1287.0,210640.0
2019-01-14,1291.3,1288.0,1296.6,1287.7,221890.0
2019-01-15,1288.4,1292.4,1294.8,1286.5,242070.0
2019-01-16,1293.8,1289.6,1295.4,1287.6,181390.0
2019-01-17,1292.3,1293.9,1295.0,1288.3,191980.0
2019-01-18,1282.6,1291.9,1292.2,1280.1,225570.0
2019-01-21,1283.4,1280.7,1285.0,1276.0,318850.0
2019-01-22,1283.4,1280.7,1285.0,1276.0,318850.0
2019-01-23,1284.0,1284.6,1286.0,1277.7,217130.0
2019-01-24,1279.8,1282.3,1283.9,1275.3,225770.0
2019-01-25,1298.1,1280.1,1303.4,1278.9,303840.0
2019-01-28,1303.1,1302.3,1303.7,1296.5,243070.0
2019-01-29,1308.9,1302.5,1310.8,1301.7,213610.0
2019-01-30,1312.8,1313.4,1326.8,1311.1,2840.0
2019-01-31,1322.3,1321.8,1328.0,1319.4,1430.0
2019-02-01,1319.3,1323.2,1325.1,1317.8,1160.0
2019-02-04,1316.6,1319.6,1320.2,1310.0,980.0
2019-02-05,1316.5,1313.5,1318.2,1312.2,280.0
2019-02-06,1311.7,1316.4,1316.9,1307.4,560.0
2019-02-07,1311.6,1308.0,1313.0,1304.0,980.0
2019-02-08,1315.9,1311.3,1316.6,1309.4,430.0
2019-02-11,1309.2,1315.5,1315.5,1304.6,520.0
2019-02-12,1311.3,1307.6,1315.4,1307.6,460.0
2019-02-13,1312.4,1311.7,1318.7,1305.5,830.0
2019-02-14,1311.3,1307.5,1314.6,1302.7,870.0
2019-02-15,1319.1,1312.7,1322.2,1312.2,1030.0
2019-02-18,1344.8,1325.0,1345.0,1323.8,348640.0
2019-02-19,1340.8,1322.0,1340.8,1320.9,1630.0
2019-02-20,1344.1,1339.5,1345.7,1335.8,1340.0
2019-02-21,1324.6,1338.3,1339.7,1320.8,1390.0
2019-02-22,1329.7,1323.4,1332.2,1321.4,590.0
2019-02-25,1326.5,1327.0,1331.6,1324.3,670.0
2019-02-26,1325.3,1326.6,1329.1,1322.9,940.0
2019-02-27,1321.2,1331.0,1332.0,1318.4,198040.0
2019-02-28,1316.1,1321.7,1328.9,1314.0,252240.0
2019-03-01,1299.2,1315.5,1316.5,1291.3,343470.0
2019-03-04,1287.5,1294.4,1298.1,1283.8,268390.0
2019-03-05,1284.7,1287.8,1290.6,1282.0,216930.0
2019-03-06,1287.6,1288.8,1291.8,1284.3,192930.0
2019-03-07,1286.1,1287.3,1289.6,1280.8,257920.00000000003
2019-03-08,1299.3,1286.7,1301.3,1285.6,283840.0
2019-03-11,1291.1,1298.2,1299.2,1290.6,196860.0
2019-03-12,1298.1,1293.6,1302.6,1292.0,203890.0
2019-03-13,1309.3,1301.8,1311.6,1300.6,214240.0
2019-03-14,1295.1,1309.5,1310.3,1292.5,248210.0
2019-03-15,1302.9,1295.6,1306.3,1293.7,234650.0
2019-03-18,1301.5,1302.0,1306.7,1298.0,176490.0
2019-03-19,1306.5,1303.7,1310.8,1302.1,206900.0
2019-03-20,1301.7,1306.0,1317.2,1298.1,370400.0
2019-03-21,1307.3,1312.7,1320.2,1302.8,332610.0
2019-03-22,1312.3,1309.3,1314.7,1306.5,271380.0
2019-03-25,1322.6,1313.3,1324.5,1310.6,251980.0
2019-03-26,1315.0,1321.5,1323.0,1312.1,267170.0
2019-03-27,1310.4,1315.4,1318.8,1307.3,206260.0
2019-03-28,1292.5,1312.6,1314.2,1290.5,3660.0
2019-03-29,1295.6,1292.2,1301.5,1288.6,1310.0
2019-04-01,1291.2,1294.3,1298.3,1288.3,1550.0
2019-04-02,1292.5,1288.7,1293.8,1286.8,930.0
2019-04-03,1292.3,1293.6,1296.0,1290.0,1020.0
2019-04-04,1291.4,1291.5,1295.7,1282.0,1140.0
2019-04-05,1292.6,1293.7,1294.5,1285.6,440.0
2019-04-08,1298.8,1294.4,1304.4,1292.7,940.0
2019-04-09,1305.1,1298.7,1307.0,1297.5,590.0
2019-04-10,1310.3,1305.0,1311.0,1301.7,790.0
2019-04-11,1290.5,1308.5,1309.1,1290.4,1510.0
2019-04-12,1292.2,1293.3,1296.3,1290.5,350.0
2019-04-15,1288.5,1291.2,1292.1,1283.0,430.0
2019-04-16,1274.2,1288.7,1288.7,1273.0,1540.0
2019-04-17,1273.8,1276.3,1279.2,1272.5,460.0
2019-04-18,1273.1,1273.5,1276.6,1270.4,570.0
2019-04-22,1274.7,1275.3,1278.6,1272.9,130.0
2019-04-23,1270.6,1274.4,1275.0,1265.9,730.0
2019-04-24,1276.6,1271.5,1276.5,1267.9,340.0
2019-04-25,1276.4,1273.6,1281.2,1272.7,980.0
2019-04-26,1285.5,1277.0,1287.2,1276.2,800.0
2019-04-29,1281.5,1289.0,1289.1,1279.9,208960.0
2019-04-30,1285.7,1281.9,1288.2,1281.5,239440.0
2019-05-01,1284.2,1285.2,1289.4,1274.5,275430.0
2019-05-02,1272.0,1278.5,1279.4,1267.3,282500.0
2019-05-03,1281.3,1271.6,1283.9,1269.0,280320.0
2019-05-06,1283.8,1281.8,1287.4,1278.1,244340.0
2019-05-07,1285.6,1282.4,1287.3,1279.1,251090.0
2019-05-08,1281.4,1285.6,1292.8,1280.2,302690.0
2019-05-09,1285.2,1281.9,1289.2,1280.4,306550.0
2019-05-10,1287.4,1285.0,1290.3,1283.9,238640.0
2019-05-13,1301.8,1288.3,1302.2,1282.4,379440.0
2019-05-14,1296.3,1300.8,1304.2,1294.3,222050.0
2019-05-15,1297.8,1298.0,1301.7,1293.6,247520.0
2019-05-16,1286.2,1297.7,1299.3,1284.2,282070.0
2019-05-17,1275.7,1287.2,1289.0,1274.6,264570.0
2019-05-20,1277.3,1277.6,1278.8,1273.3,212180.0
2019-05-21,1273.2,1277.7,1277.7,1269.0,213170.0
2019-05-22,1274.2,1274.4,1277.1,1272.0,191370.0
2019-05-23,1285.4,1273.3,1287.1,1272.1,330160.0
2019-05-24,1283.6,1283.2,1284.7,1280.1,218710.0
2019-05-27,1277.1,1283.5,1286.9,1275.1,362160.0
2019-05-28,1277.1,1283.5,1286.9,1275.1,362160.0
2019-05-29,1281.0,1278.9,1285.2,1278.4,189690.0
2019-05-30,1289.9,1282.1,1291.0,1276.7,1190.0
2019-05-31,1308.0,1290.3,1308.5,1289.7,1980.0
2019-06-03,1324.9,1308.0,1329.7,1308.0,1040.0
2019-06-04,1325.7,1327.0,1330.8,1322.2,820.0
2019-06-05,1330.6,1327.3,1345.6,1326.9,910.0
2019-06-06,1339.8,1332.3,1341.2,1328.8,510.0
2019-06-07,1343.3,1337.1,1349.5,1332.6,790.0
2019-06-10,1326.3,1336.8,1337.5,1326.1,470.0
2019-06-11,1328.3,1328.9,1330.4,1320.8,380.0
2019-06-12,1333.9,1327.5,1338.8,1326.8,610.0
2019-06-13,1340.8,1334.9,1344.0,1333.3,620.0
2019-06-14,1341.7,1343.4,1359.0,1338.7,1500.0
2019-06-17,1340.0,1342.5,1343.9,1333.9,560.0
2019-06-18,1347.8,1340.9,1354.8,1339.6,900.0
2019-06-19,1345.8,1347.8,1363.0,1342.0,650.0
2019-06-20,1394.1,1361.2,1393.9,1358.8,1100.0
2019-06-21,1397.3,1389.9,1412.0,1383.4,980.0
2019-06-24,1415.2,1401.1,1421.4,1401.1,980.0
2019-06-25,1415.8,1419.9,1438.2,1412.5,940.0
2019-06-26,1411.5,1421.8,1421.8,1380.0,1330.0
2019-06-27,1412.0,1412.7,1415.3,1401.4,336360.0
2019-06-28,1413.7,1413.3,1427.8,1408.6,306620.0
2019-07-01,1389.3,1401.8,1401.9,1384.7,389760.0
2019-07-02,1408.0,1386.2,1424.0,1386.2,383250.0
2019-07-03,1420.9,1424.7,1441.0,1414.7,419610.0
2019-07-04,1400.1,1421.6,1426.8,1388.6,577380.0
2019-07-05,1400.1,1421.6,1426.8,1388.6,577380.0
2019-07-08,1400.0,1401.0,1409.9,1393.8,318690.0
2019-07-09,1400.5,1397.9,1402.4,1387.5,287180.0
2019-07-10,1412.5,1400.0,1421.1,1391.8,443500.0
2019-07-11,1406.7,1421.1,1429.4,1402.7,400090.0
2019-07-12,1412.2,1406.2,1418.9,1404.5,284970.0
2019-07-15,1413.5,1417.7,1421.6,1409.3,243380.0
2019-07-16,1411.2,1416.4,1420.0,1402.1,334820.0
2019-07-17,1423.3,1407.9,1428.4,1401.3,358170.0
2019-07-18,1428.1,1428.5,1449.7,1415.6,481330.0
2019-07-19,1426.7,1448.3,1454.4,1421.1,530020.0
2019-07-22,1426.9,1428.5,1430.8,1423.0,255350.0
2019-07-23,1421.7,1426.0,1431.4,1414.6,386680.0
2019-07-24,1423.6,1418.6,1430.0,1416.7,318160.0
2019-07-25,1414.7,1426.8,1434.1,1411.1,489390.0
2019-07-26,1419.3,1414.9,1424.8,1412.9,306020.0
2019-07-29,1420.4,1419.0,1428.0,1414.4,224270.0
2019-07-30,1433.4,1430.7,1437.5,1426.3,3550.0
2019-07-31,1429.1,1435.0,1439.0,1413.8,4030.0000000000005
2019-08-01,1424.2,1413.0,1450.0,1403.8,5690.0
2019-08-02,1448.7,1449.7,1451.5,1434.4,4019.9999999999995
2019-08-05,1467.7,1444.9,1473.2,1440.1,4770.0
2019-08-06,1475.2,1472.1,1477.9,1459.3,3800.0
2019-08-07,1509.6,1476.9,1512.4,1475.7,7320.0
2019-08-08,1499.7,1502.3,1511.1,1491.9,2490.0
2019-08-09,1498.6,1509.2,1509.8,1496.2,2780.0
2019-08-12,1507.7,1499.1,1519.3,1488.8,3570.0
2019-08-13,1504.3,1512.3,1536.0,1480.0,6270.0
2019-08-14,1518.5,1502.8,1525.4,1495.0,3030.0
2019-08-15,1521.7,1519.4,1527.6,1509.5,2350.0
2019-08-16,1514.1,1524.3,1528.3,1504.8,1250.0
2019-08-19,1502.1,1513.0,1513.5,1493.9,1620.0
2019-08-20,1506.3,1497.6,1509.0,1494.9,1600.0
2019-08-21,1506.1,1506.0,1508.1,1497.1,2100.0
2019-08-22,1498.7,1502.5,1504.5,1492.6,2130.0
2019-08-23,1527.9,1498.2,1530.2,1493.4,2730.0
2019-08-26,1527.2,1535.4,1555.0,1525.4,2350.0
2019-08-27,1541.4,1526.9,1543.9,1526.0,1890.0
2019-08-28,1538.8,1540.9,1546.0,1531.7,2760.0
2019-08-29,1530.5,1542.2,1553.4,1522.3,16570.0
2019-08-30,1523.0,1530.6,1535.7,1519.3,6280.0
2019-09-02,1555.9,1535.2,1558.9,1528.0,554830.0
2019-09-03,1549.6,1526.0,1552.5,1521.7,8480.0
2019-09-04,1554.0,1549.8,1559.8,1536.5,8150.0
2019-09-05,1519.0,1555.0,1555.5,1508.2,13900.0
2019-09-06,1509.0,1520.6,1529.6,1504.5,12640.0
2019-09-09,1504.5,1509.2,1517.1,1499.1,7330.0
2019-09-10,1492.7,1500.2,1502.5,1485.7,6180.0
2019-09-11,1496.6,1486.8,1499.6,1486.8,4590.0
2019-09-12,1500.8,1499.1,1525.4,1490.5,6910.0
2019-09-13,1492.9,1499.8,1509.8,1486.7,6270.0
2019-09-16,1504.8,1500.3,1512.8,1496.9,5610.0
2019-09-17,1506.9,1499.4,1508.4,1494.6,10850.0
2019-09-18,1509.1,1502.6,1512.2,1484.0,8290.0
2019-09-19,1499.5,1494.4,1505.1,1489.8,4860.0
2019-09-20,1508.0,1499.5,1517.4,1498.7,7380.0
2019-09-23,1524.0,1515.2,1526.7,1511.0,7980.0
2019-09-24,1532.6,1522.8,1535.6,1515.5,8570.0
2019-09-25,1505.1,1530.9,1534.9,1499.8,15730.0
2019-09-26,1507.9,1503.7,1512.0,1500.0,8180.0
2019-09-27,1502.7,1508.3,1510.1,1489.8,1030.0
2019-09-30,1469.2,1497.6,1503.2,1467.0,1540.0
2019-10-01,1485.2,1475.0,1489.3,1461.5,1180.0
2019-10-02,1504.1,1482.9,1507.0,1477.7,800.0
2019-10-03,1510.1,1502.1,1521.0,1498.3,620.0
2019-10-04,1509.2,1509.0,1516.5,1498.1,570.0
2019-10-07,1500.7,1514.1,1515.1,1492.0,290.0
2019-10-08,1500.1,1495.0,1511.0,1488.4,1300.0
2019-10-09,1508.9,1509.5,1512.5,1501.5,290.0
2019-10-10,1497.0,1512.5,1517.8,1492.0,970.0
2019-10-11,1484.7,1495.8,1503.8,1474.7,1430.0
2019-10-14,1493.8,1488.0,1496.8,1483.3,980.0
2019-10-15,1479.7,1493.1,1498.0,1477.7,780.0
2019-10-16,1490.2,1480.5,1491.2,1477.1,540.0
2019-10-17,1494.2,1490.1,1496.1,1484.3,1600.0
2019-10-18,1490.0,1492.5,1492.9,1484.8,780.0
2019-10-21,1484.2,1490.7,1494.7,1481.6,1240.0
2019-10-22,1483.6,1483.7,1488.2,1480.0,790.0
2019-10-23,1491.8,1487.3,1495.1,1486.7,570.0
2019-10-24,1501.0,1490.4,1502.4,1486.7,1010.0
2019-10-25,1501.7,1502.1,1517.0,1499.7,440.0
2019-10-28,1492.4,1503.6,1506.3,1489.1,360.0
2019-10-29,1487.4,1491.5,1492.9,1482.7,430.0
2019-10-30,1496.7,1490.5,1499.3,1483.1,353640.0
2019-10-31,1514.8,1498.8,1516.7,1496.0,390010.0
2019-11-01,1511.4,1515.1,1519.0,1505.4,380990.0
2019-11-04,1511.1,1516.4,1517.1,1506.5,260200.0
2019-11-05,1483.7,1511.6,1511.9,1480.7,593620.0
2019-11-06,1493.1,1484.3,1495.9,1483.8,313720.0
2019-11-07,1466.4,1492.1,1493.6,1461.4,674980.0
2019-11-08,1462.9,1469.0,1473.9,1457.0,447070.0
2019-11-11,1457.1,1460.0,1467.4,1448.9,310160.0
2019-11-12,1453.7,1455.9,1461.3,1446.2,429610.0
2019-11-13,1463.3,1456.5,1467.9,1456.4,352330.0
2019-11-14,1473.4,1464.0,1475.5,1461.7,317400.0
2019-11-15,1468.5,1471.9,1472.1,1462.8,251210.0
2019-11-18,1471.9,1467.8,1474.4,1456.6,331240.0
2019-11-19,1474.3,1471.9,1475.8,1465.1,307860.0
2019-11-20,1474.2,1472.7,1479.2,1466.1,369970.0
2019-11-21,1463.6,1475.1,1475.9,1462.4,388340.0
2019-11-22,1463.6,1464.3,1473.4,1461.2,320500.0
2019-11-25,1456.9,1461.0,1462.0,1453.9,298710.0
2019-11-26,1460.3,1455.1,1462.9,1449.6,346360.0
2019-11-27,1457.9,1465.6,1465.6,1457.0,4340.0
2019-11-28,1472.7,1461.2,1472.9,1459.1,272340.0
2019-11-29,1470.0,1459.3,1470.1,1456.9,1630.0
2019-12-02,1466.4,1467.3,1468.5,1457.4,1400.0
2019-12-03,1481.6,1465.5,1484.7,1462.8,1400.0
2019-12-04,1477.5,1480.4,1487.0,1474.0,880.0
2019-12-05,1480.3,1477.6,1482.7,1475.9,640.0
2019-12-06,1462.5,1478.2,1481.5,1461.0,680.0
2019-12-09,1462.8,1461.1,1467.3,1460.7,2250.0
2019-12-10,1465.9,1463.9,1470.7,1462.4,640.0
2019-12-11,1472.7,1466.2,1481.0,1465.0,600.0
2019-12-12,1469.8,1476.5,1488.9,1465.8,1150.0
2019-12-13,1478.6,1469.5,1479.7,1463.3,820.0
2019-12-16,1477.9,1477.1,1481.3,1475.4,460.0
2019-12-17,1477.0,1477.6,1481.5,1475.9,2750.0
2019-12-18,1474.7,1476.7,1480.0,1470.5,780.0
2019-12-19,1480.2,1475.7,1481.2,1472.6,1690.0
2019-12-20,1477.0,1478.8,1480.4,1475.8,300.0
2019-12-23,1484.3,1477.8,1485.4,1477.5,3420.0
2019-12-24,1500.6,1485.0,1500.8,1483.9,500.0
2019-12-26,1510.7,1498.7,1513.6,1498.2,1010.0
2019-12-27,1514.3,1512.0,1515.6,1508.8,840.0
2019-12-30,1518.6,1515.9,1519.1,1513.5,178720.0
2019-12-31,1523.1,1517.7,1529.0,1517.5,220850.0
2020-01-02,1528.1,1521.0,1534.0,1519.7,270550.0
2020-01-03,1552.4,1531.7,1556.6,1530.4,436740.0
2020-01-06,1568.8,1562.7,1590.9,1562.3,558970.0
2020-01-07,1574.3,1567.4,1579.2,1557.0,435870.0
2020-01-08,1560.2,1578.8,1613.3,1553.4,813410.0
2020-01-09,1554.3,1557.7,1562.4,1541.0,372880.0
2020-01-10,1560.1,1553.4,1564.1,1546.7,344340.0
2020-01-13,1550.6,1563.0,1563.1,1547.0,311730.0
2020-01-14,1544.6,1548.6,1549.5,1536.4,340910.0
2020-01-15,1554.0,1546.8,1558.8,1546.5,310070.0
2020-01-16,1550.5,1556.6,1558.2,1548.0,260050.0
2020-01-17,1560.3,1553.0,1561.4,1549.3,264930.0
2020-01-20,1557.9,1557.3,1568.8,1546.0,462620.0
2020-01-21,1557.9,1557.3,1568.8,1546.0,462620.0
2020-01-22,1556.7,1558.9,1559.8,1550.0,286080.0
2020-01-23,1565.4,1558.9,1567.5,1551.3,361030.0
2020-01-24,1571.9,1562.9,1575.5,1555.8,427140.0
2020-01-27,1577.4,1580.5,1588.4,1575.3,398060.0
2020-01-28,1569.8,1580.6,1582.2,1564.6,378010.0
2020-01-29,1570.4,1566.3,1577.7,1562.0,251270.0
2020-01-30,1586.5,1578.7,1587.8,1574.2,4080.0
2020-01-31,1584.9,1575.6,1592.3,1572.0,2470.0
2020-02-03,1579.5,1594.6,1595.1,1570.5,1600.0
2020-02-04,1552.7,1579.5,1580.7,1550.0,1880.0
2020-02-05,1560.1,1553.2,1563.2,1548.4,1520.0
2020-02-06,1567.2,1556.8,1568.9,1553.5,1480.0
2020-02-07,1570.6,1567.6,1574.6,1560.7,1010.0
2020-02-10,1576.6,1573.0,1577.3,1569.1,460.0
2020-02-11,1567.2,1573.0,1574.5,1562.6,860.0
2020-02-12,1568.8,1567.9,1570.3,1561.6,830.0
2020-02-13,1576.3,1566.8,1578.8,1566.6,1300.0
2020-02-14,1583.8,1577.5,1585.3,1573.6,690.0
2020-02-17,1603.6,1585.1,1608.2,1581.8,414240.0
2020-02-18,1601.0,1581.2,1605.3,1579.2,2680.0
2020-02-19,1608.8,1601.8,1612.9,1600.0,2210.0
2020-02-20,1617.4,1610.9,1622.8,1603.8,2790.0
2020-02-21,1645.1,1620.4,1648.1,1618.6,2320.0
2020-02-24,1673.5,1651.0,1687.3,1651.0,2810.0
2020-02-25,1647.0,1662.0,1662.3,1625.0,2650.0
2020-02-26,1640.4,1636.4,1652.4,1624.4,1990.0
2020-02-27,1642.5,1643.0,1662.5,1636.7,573290.0
2020-02-28,1566.7,1646.1,1651.0,1564.0,745840.0
2020-03-02,1594.8,1592.8,1612.1,1576.3,443530.0
2020-03-03,1644.4,1586.0,1650.5,1585.9,466530.0
2020-03-04,1643.0,1640.1,1654.3,1632.6,313340.0
2020-03-05,1668.0,1638.2,1675.5,1635.6,363000.0
2020-03-06,1672.4,1673.1,1692.8,1642.4,659630.0
2020-03-09,1675.7,1692.6,1704.3,1658.0,504160.0
2020-03-10,1660.3,1679.6,1681.3,1641.1,385480.0
2020-03-11,1642.3,1649.3,1671.8,1632.4,404350.0
2020-03-12,1590.3,1633.1,1651.0,1560.4,605720.0
2020-03-13,1516.7,1582.7,1597.9,1504.0,551050.0
2020-03-16,1486.5,1563.8,1574.8,1450.9,565980.0
2020-03-17,1525.8,1512.8,1554.3,1465.6,434510.0
2020-03-18,1477.9,1527.6,1547.0,1473.3,435190.0
2020-03-19,1479.3,1487.2,1502.8,1460.1,325290.0
2020-03-20,1484.6,1471.6,1519.4,1457.5,269970.0
2020-03-23,1567.6,1505.0,1569.3,1484.6,362070.0
2020-03-24,1660.8,1563.8,1698.0,1560.5,418780.0
2020-03-25,1633.4,1666.2,1699.3,1615.2,254190.0
2020-03-26,1651.2,1642.5,1672.5,1611.0,215970.0
2020-03-27,1625.0,1640.4,1647.2,1611.4,100640.0
2020-03-30,1637.1,1653.7,1667.4,1623.4,3080.0
2020-03-31,1589.3,1634.6,1634.6,1582.8,970.0
2020-04-01,1584.1,1581.7,1605.0,1574.8,350.0
2020-04-02,1630.7,1599.0,1635.8,1590.5,440.0
2020-04-03,1637.6,1629.7,1642.0,1616.5,510.0
2020-04-06,1684.0,1639.7,1705.5,1628.1,1470.0
2020-04-07,1672.6,1694.8,1731.8,1662.0,2140.0
2020-04-08,1674.1,1669.8,1685.0,1660.8,1290.0
2020-04-09,1739.9,1669.2,1739.7,1666.5,1880.0
2020-04-13,1749.8,1729.5,1760.6,1711.8,1610.0
2020-04-14,1759.1,1752.7,1778.2,1737.7,1160.0
2020-04-15,1729.6,1746.6,1747.7,1722.4,1080.0
2020-04-16,1722.7,1732.2,1756.4,1718.0,1020.0
2020-04-17,1690.8,1722.9,1725.7,1683.5,1830.0
2020-04-20,1703.4,1685.0,1710.0,1677.6,620.0
2020-04-21,1678.3,1703.6,1709.9,1659.2,1660.0
2020-04-22,1727.4,1698.6,1730.4,1690.1,1650.0
2020-04-23,1733.4,1725.6,1750.0,1721.2,1700.0
2020-04-24,1724.2,1733.7,1746.6,1715.0,900.0
2020-04-27,1712.6,1734.3,1734.3,1708.3,740.0
2020-04-28,1710.6,1713.5,1720.7,1694.9,1260.0
2020-04-29,1713.4,1724.8,1733.5,1708.2,159600.0
2020-04-30,1694.2,1729.6,1737.0,1687.5,234530.0
2020-05-01,1700.9,1693.5,1714.4,1676.0,168020.0
2020-05-04,1713.3,1711.2,1726.0,1700.3,148730.0
2020-05-05,1710.6,1711.0,1717.8,1695.4,184730.0
2020-05-06,1688.5,1714.1,1716.6,1683.0,203370.0
2020-05-07,1725.8,1686.0,1733.2,1683.9,250700.0
2020-05-08,1713.9,1727.2,1735.5,1703.1,232810.0
2020-05-11,1698.0,1706.0,1713.8,1692.1,202170.0
2020-05-12,1706.8,1700.0,1716.7,1693.5,198070.0
2020-05-13,1716.4,1705.0,1726.5,1701.6,211610.0
2020-05-14,1740.9,1723.1,1746.5,1716.0,212910.0
2020-05-15,1756.3,1738.5,1761.2,1736.8,200180.0
2020-05-18,1734.4,1757.5,1775.8,1729.3,271470.0
2020-05-19,1745.6,1734.8,1751.6,1727.2,185260.0
2020-05-20,1752.1,1749.2,1757.6,1744.0,184460.0
2020-05-21,1721.9,1751.7,1751.7,1715.3,238740.0
2020-05-22,1735.5,1726.0,1742.0,1722.5,196820.0
2020-05-25,1705.6,1734.8,1737.2,1700.0,313170.0
2020-05-26,1705.6,1730.2,1737.2,1700.0,313170.0
2020-05-27,1710.7,1703.1,1713.2,1684.2,137420.0
2020-05-28,1719.8,1718.7,1734.5,1714.0,1560.0
2020-05-29,1742.9,1724.9,1745.0,1718.6,1190.0
2020-06-01,1743.3,1743.0,1752.7,1730.5,710.0
2020-06-02,1728.9,1743.5,1750.0,1724.1,690.0
2020-06-03,1701.0,1729.7,1729.8,1686.9,1720.0
2020-06-04,1721.8,1699.6,1722.6,1695.5,1100.0
2020-06-05,1678.5,1715.0,1717.2,1669.1,1100.0
2020-06-08,1699.9,1682.0,1702.6,1675.8,750.0
2020-06-09,1717.0,1699.2,1724.1,1694.4,620.0
2020-06-10,1715.5,1715.1,1743.6,1709.0,1150.0
2020-06-11,1734.7,1741.2,1749.4,1722.6,760.0
2020-06-12,1732.0,1729.7,1746.9,1724.1,590.0
2020-06-15,1721.8,1733.2,1736.2,1701.0,650.0
2020-06-16,1731.5,1729.0,1735.5,1718.9,370.0
2020-06-17,1730.3,1730.6,1733.8,1714.4,360.0
2020-06-18,1726.0,1730.7,1742.1,1717.6,260.0
2020-06-19,1747.1,1726.3,1753.5,1726.3,1870.0
2020-06-22,1758.4,1755.5,1771.0,1747.4,1910.0
2020-06-23,1774.1,1759.3,1777.6,1751.7,1030.0
2020-06-24,1768.1,1777.3,1786.3,1765.0,1710.0
2020-06-25,1763.1,1760.7,1771.7,1760.4,480.0
2020-06-26,1773.3,1768.2,1778.5,1748.4,640.0
2020-06-29,1781.2,1789.2,1790.4,1776.5,130509.99999999999
2020-06-30,1800.5,1784.2,1804.0,1774.8,199420.0
2020-07-01,1779.9,1798.9,1807.7,1767.9,263250.0
2020-07-02,1790.0,1779.0,1791.7,1766.3,186310.0
2020-07-03,1793.5,1787.9,1799.0,1779.2,184650.0
2020-07-06,1793.5,1787.9,1799.0,1779.2,184650.0
2020-07-07,1809.9,1793.9,1810.8,1781.2,221730.0
2020-07-08,1820.6,1807.9,1829.8,1803.8,247500.0
2020-07-09,1803.8,1818.8,1825.5,1799.6,283370.0
2020-07-10,1801.9,1808.4,1817.0,1796.5,223830.0
2020-07-13,1814.1,1803.4,1818.8,1802.1,230400.0
2020-07-14,1813.4,1805.2,1815.0,1791.1,253210.0
2020-07-15,1813.8,1811.1,1819.5,1804.0,183060.0
2020-07-16,1800.3,1813.1,1816.2,1794.1,196570.0
2020-07-17,1810.0,1796.9,1813.9,1795.2,167010.0
2020-07-20,1817.4,1812.3,1823.4,1806.6,177740.0
2020-07-21,1843.9,1819.6,1844.9,1817.2,271090.0
2020-07-22,1865.1,1842.8,1871.8,1842.1,382230.0
2020-07-23,1890.0,1871.6,1897.7,1863.1,418750.0
2020-07-24,1897.5,1884.9,1904.6,1880.5,300170.0
2020-07-27,1931.0,1901.2,1941.9,1899.0,428230.0
2020-07-28,1944.6,1937.1,1974.7,1900.2,434450.0
2020-07-29,1953.4,1950.6,1974.9,1935.2,209840.0
2020-07-30,1949.5,1970.8,1971.1,1936.4,5710.0
2020-07-31,1968.0,1957.0,1985.7,1954.3,5170.0
2020-08-03,1969.5,1979.7,1992.1,1958.5,2820.0
2020-08-04,2004.2,1976.6,2020.5,1968.1,3910.0
2020-08-05,2032.9,2020.2,2053.5,2011.2,4750.0
2020-08-06,2054.6,2036.9,2065.1,2033.6,2610.0
2020-08-07,2014.3,2062.4,2074.0,2011.0,4370.0
2020-08-10,2027.3,2032.0,2047.3,2015.7,2550.0
2020-08-11,1935.7,2024.2,2027.0,1900.9,6160.0
2020-08-12,1937.5,1910.2,1948.7,1863.7,4160.0
2020-08-13,1959.3,1918.6,1963.5,1911.7,2500.0
2020-08-14,1938.8,1952.1,1958.3,1930.2,1260.0
2020-08-17,1987.1,1945.2,1988.6,1930.8,1770.0
2020-08-18,2001.6,1981.6,2013.0,1973.6,1700.0
2020-08-19,1960.5,2001.5,2003.0,1920.8,2830.0
2020-08-20,1935.4,1924.6,1951.5,1920.0,2070.0
2020-08-21,1936.0,1945.8,1950.4,1908.2,1730.0
2020-08-24,1928.6,1937.2,1959.2,1920.1,1410.0
2020-08-25,1912.5,1925.4,1932.9,1909.4,1660.0
2020-08-26,1941.7,1927.6,1952.6,1899.1,3290.0
2020-08-27,1922.3,1950.9,1973.8,1907.7,2300.0
2020-08-28,1966.8,1930.1,1974.9,1921.2,11760.0
2020-08-31,1970.5,1966.7,1977.7,1955.0,7160.0
2020-09-01,1970.8,1965.9,1992.5,1961.2,10950.0
2020-09-02,1936.9,1967.9,1972.4,1931.5,10840.0
2020-09-03,1930.2,1941.8,1948.4,1919.7,8940.0
2020-09-04,1926.2,1931.9,1948.8,1914.6,10620.0
2020-09-07,1943.2,1938.0,1948.3,1911.7,416010.0
2020-09-08,1935.1,1930.0,1940.2,1904.6,15620.0
2020-09-09,1946.8,1932.0,1951.4,1918.8,8350.0
2020-09-10,1956.0,1947.5,1966.6,1940.4,11350.0
2020-09-11,1939.5,1945.0,1954.6,1936.2,8090.0
2020-09-14,1954.7,1940.3,1963.6,1937.0,6700.0
2020-09-15,1958.0,1957.6,1973.8,1947.7,18100.0
2020-09-16,1962.0,1954.3,1975.4,1949.1,11670.0
2020-09-17,1941.3,1959.6,1960.5,1930.2,12100.0
2020-09-18,1953.2,1944.0,1959.1,1942.9,6450.0
2020-09-21,1902.1,1948.3,1954.1,1878.5,18210.0
2020-09-22,1899.3,1909.1,1916.8,1890.7,11150.0
2020-09-23,1860.5,1895.0,1901.6,1848.0,18930.0
2020-09-24,1868.9,1859.4,1872.8,1843.0,19910.0
2020-09-25,1857.8,1866.2,1870.6,1846.0,10590.0
2020-09-28,1872.8,1855.6,1878.4,1843.2,10460.0
2020-09-29,1898.7,1881.2,1899.9,1877.6,530.0
2020-09-30,1891.3,1898.9,1903.6,1882.1,550.0
2020-10-01,1912.3,1888.0,1913.9,1886.0,750.0
2020-10-02,1903.8,1907.0,1919.0,1893.0,810.0
2020-10-05,1916.1,1906.7,1920.0,1887.7,660.0
2020-10-06,1904.8,1913.7,1922.0,1875.1,1050.0
2020-10-07,1886.8,1879.9,1897.4,1873.2,440.0
2020-10-08,1891.0,1886.8,1900.4,1881.7,700.0
2020-10-09,1921.9,1894.8,1932.0,1894.8,970.0
2020-10-12,1924.3,1930.9,1933.3,1920.0,440.0
2020-10-13,1890.2,1923.7,1925.1,1885.9,800.0
2020-10-14,1903.1,1891.3,1912.8,1880.9,410.0
2020-10-15,1904.9,1902.0,1909.2,1889.0,490.0
2020-10-16,1902.4,1908.4,1913.4,1897.8,270.0
2020-10-19,1907.7,1899.6,1919.0,1896.9,510.0
2020-10-20,1911.6,1902.2,1913.6,1893.6,370.0
2020-10-21,1925.7,1909.0,1932.0,1908.5,890.0
2020-10-22,1901.6,1924.0,1925.4,1891.9,1130.0
2020-10-23,1902.3,1904.3,1913.7,1893.0,390.0
2020-10-26,1903.1,1902.1,1908.0,1890.8,280.0
2020-10-27,1909.2,1901.3,1910.8,1898.4,330.0
2020-10-28,1876.5,1908.0,1909.8,1867.9,280.0
2020-10-29,1868.0,1877.5,1885.1,1859.2,225160.0
2020-10-30,1879.9,1867.9,1890.9,1863.3,213170.0
2020-11-02,1892.5,1877.0,1897.1,1873.3,164940.0
2020-11-03,1910.4,1896.4,1912.2,1887.6,171370.0
2020-11-04,1896.2,1910.3,1917.9,1881.8,293950.0
2020-11-05,1946.8,1903.4,1954.3,1902.2,297510.0
2020-11-06,1951.7,1950.0,1961.8,1937.2,246780.0
2020-11-09,1854.4,1956.0,1966.1,1848.0,496090.0
2020-11-10,1876.4,1864.1,1888.9,1858.9,264870.0
2020-11-11,1861.6,1876.1,1882.5,1853.9,215170.0
2020-11-12,1873.3,1863.9,1883.0,1860.7,209930.0
2020-11-13,1886.2,1875.6,1895.8,1872.1,162540.0
2020-11-16,1887.8,1886.6,1898.0,1861.5,222940.0
2020-11-17,1885.1,1888.2,1892.7,1876.3,160880.0
2020-11-18,1873.9,1879.5,1884.2,1860.3,209000.0
2020-11-19,1861.5,1872.0,1872.6,1850.0,222350.0
2020-11-20,1872.4,1864.8,1879.2,1859.1,186170.0
2020-11-23,1837.8,1869.8,1875.0,1828.0,319660.0
2020-11-24,1804.6,1835.7,1836.9,1797.1,367880.0
2020-11-25,1805.5,1805.2,1816.3,1798.6,205750.0
2020-11-26,1788.1,1812.1,1822.6,1776.5,282350.0
2020-11-27,1784.8,1809.9,1820.0,1772.9,6580.0
2020-11-30,1778.0,1787.4,1789.9,1764.9,1610.0
2020-12-01,1816.6,1777.5,1818.3,1776.4,1660.0
2020-12-02,1827.6,1814.6,1833.0,1808.1,1750.0
2020-12-03,1838.4,1830.5,1844.0,1824.0,1370.0
2020-12-04,1837.5,1842.3,1850.1,1830.2,1250.0
2020-12-07,1863.3,1838.4,1870.2,1823.0,1170.0
2020-12-08,1872.3,1864.1,1877.0,1861.7,890.0
2020-12-09,1836.1,1872.0,1872.0,1826.8,1050.0
2020-12-10,1835.2,1840.3,1851.2,1831.3,740.0
2020-12-11,1841.4,1838.3,1849.4,1827.7,530.0
2020-12-14,1829.8,1838.7,1839.8,1821.1,610.0
2020-12-15,1853.2,1827.9,1856.1,1827.7,740.0
2020-12-16,1857.0,1853.5,1867.1,1846.2,580.0
2020-12-17,1887.9,1866.7,1898.3,1864.1,1320.0
2020-12-18,1886.5,1887.1,1892.7,1879.9,590.0
2020-12-21,1880.3,1890.3,1908.5,1857.2,1060.0
2020-12-22,1867.7,1883.7,1885.4,1861.6,560.0
2020-12-23,1875.6,1862.2,1880.1,1859.8,500.0
2020-12-24,1880.7,1874.1,1882.1,1871.1,200.0
2020-12-28,1877.9,1884.4,1900.8,1874.1,1310.0
2020-12-29,1880.5,1880.0,1886.3,1874.4,340.0
2020-12-30,1893.4,1881.8,1899.0,1879.5,133660.0
2020-12-31,1895.1,1899.0,1904.9,1889.1,130630.0
2021-01-04,1946.6,1908.2,1948.7,1906.1,273370.0
2021-01-05,1954.4,1946.0,1957.0,1938.4,201950.0
2021-01-06,1908.6,1952.8,1962.5,1902.6,366610.0
2021-01-07,1913.6,1921.5,1929.6,1907.5,199980.0
2021-01-08,1835.4,1915.2,1918.4,1827.8,443510.0
2021-01-11,1850.8,1849.4,1856.0,1817.1,268360.0
2021-01-12,1844.2,1845.4,1864.0,1835.8,240660.0
2021-01-13,1854.9,1855.0,1863.0,1841.6,225990.0
2021-01-14,1851.4,1845.6,1857.6,1826.6,257660.00000000003
2021-01-15,1829.9,1847.3,1856.6,1822.1,231110.0
2021-01-18,1840.2,1828.8,1845.0,1800.8,331590.0
2021-01-19,1840.2,1828.8,1845.0,1800.8,331590.0
2021-01-20,1866.5,1839.9,1872.0,1831.1,274400.0
2021-01-21,1865.9,1871.0,1874.6,1857.5,196940.0
2021-01-22,1856.2,1870.1,1870.8,1836.3,249720.0
2021-01-25,1855.2,1855.3,1867.4,1846.2,211980.0
2021-01-26,1850.9,1854.9,1860.8,1847.2,170260.0
2021-01-27,1844.9,1849.7,1851.5,1828.4,195540.0
2021-01-28,1839.4,1844.9,1865.0,1834.1,2140.0
2021-01-29,1849.0,1843.6,1877.2,1839.9,2230.0
2021-02-01,1862.2,1863.6,1874.0,1850.5,2029.9999999999998
2021-02-02,1832.4,1861.7,1863.6,1829.2,1660.0
2021-02-03,1833.8,1837.6,1844.5,1829.4,810.0
2021-02-04,1790.3,1833.5,1834.0,1783.6,1990.0
2021-02-05,1811.9,1793.7,1814.3,1791.5,1380.0
2021-02-08,1833.0,1816.6,1838.7,1806.6,1220.0
2021-02-09,1836.2,1831.1,1848.1,1829.6,790.0
2021-02-10,1841.6,1838.5,1855.0,1832.7,1380.0
2021-02-11,1825.6,1821.1,1846.0,1820.9,920.0
2021-02-12,1822.0,1824.5,1830.0,1810.0,1600.0
2021-02-15,1799.0,1826.0,1827.1,1788.1,355920.0
2021-02-16,1797.9,1825.0,1825.2,1787.6,1540.0
2021-02-17,1771.8,1789.2,1792.6,1767.7,1020.0
2021-02-18,1774.0,1776.2,1787.6,1765.9,620.0
2021-02-19,1776.3,1772.7,1789.0,1759.4,1790.0
2021-02-22,1807.2,1785.0,1809.9,1779.5,1730.0
2021-02-23,1804.8,1809.4,1813.0,1795.0,1020.0
2021-02-24,1796.6,1805.0,1810.7,1782.0,1500.0
2021-02-25,1775.4,1804.9,1805.0,1763.9,316250.0
2021-02-26,1728.8,1770.9,1773.8,1714.9,362550.0
2021-03-01,1723.0,1732.8,1757.4,1717.2,241920.0
2021-03-02,1733.6,1722.8,1737.8,1704.6,235960.0
2021-03-03,1715.8,1736.5,1739.1,1699.4,255650.0
2021-03-04,1700.7,1708.4,1721.6,1687.6,277450.0
2021-03-05,1698.5,1695.3,1705.7,1683.0,269330.0
2021-03-08,1678.0,1701.6,1712.0,1673.3,273910.0
2021-03-09,1716.9,1679.3,1718.7,1676.7,248950.0
2021-03-10,1721.8,1714.5,1725.3,1705.6,226890.0
2021-03-11,1722.6,1725.0,1738.0,1716.8,215340.0
2021-03-12,1719.8,1720.5,1728.0,1696.6,232210.0
2021-03-15,1729.2,1726.5,1733.2,1719.2,163050.0
2021-03-16,1730.9,1730.7,1740.5,1724.4,173890.0
2021-03-17,1727.1,1730.0,1750.6,1722.0,220550.0
2021-03-18,1732.5,1744.0,1754.2,1716.6,251760.0
2021-03-19,1741.7,1733.7,1746.1,1727.1,213280.0
2021-03-22,1738.1,1745.6,1747.0,1726.4,196310.0
2021-03-23,1725.1,1738.5,1742.0,1722.7,226200.0
2021-03-24,1733.2,1725.9,1737.7,1722.3,186520.0
2021-03-25,1725.1,1733.2,1744.8,1720.3,226210.0
2021-03-26,1732.3,1725.5,1735.5,1718.8,172940.0
2021-03-29,1712.2,1731.5,1732.6,1703.3,135460.0
2021-03-30,1685.1,1711.9,1712.8,1677.8,1900.0
2021-03-31,1714.4,1684.1,1714.9,1676.8,1160.0
2021-04-01,1727.3,1707.9,1730.4,1705.7,1320.0
2021-04-05,1727.7,1726.6,1733.2,1720.9,430.0
2021-04-06,1742.0,1727.3,1745.0,1727.3,790.0
2021-04-07,1740.5,1743.0,1743.0,1730.5,360.0
2021-04-08,1757.1,1737.5,1758.3,1733.6,690.0
2021-04-09,1743.8,1755.3,1757.1,1731.0,640.0
2021-04-12,1731.6,1742.4,1743.2,1726.1,330.0
2021-04-13,1746.5,1732.0,1748.4,1722.5,600.0
2021-04-14,1735.3,1745.0,1749.0,1731.6,630.0
2021-04-15,1765.8,1735.3,1768.6,1733.7,580.0
2021-04-16,1779.3,1764.2,1783.5,1759.7,450.0
2021-04-19,1769.7,1777.2,1789.4,1766.2,700.0
2021-04-20,1777.6,1769.5,1779.2,1763.0,1090.0
2021-04-21,1792.7,1777.4,1797.7,1776.0,740.0
2021-04-22,1781.5,1794.5,1797.2,1776.8,290.0
2021-04-23,1777.3,1784.0,1795.2,1771.5,370.0
2021-04-26,1779.4,1775.0,1782.5,1768.2,750.0
2021-04-27,1778.2,1780.3,1784.3,1773.9,270.0
2021-04-28,1773.5,1775.5,1780.0,1762.5,760.0
2021-04-29,1768.3,1781.9,1789.9,1754.6,231520.0
2021-04-30,1767.7,1772.4,1773.3,1763.3,167290.0
2021-05-03,1791.8,1768.1,1798.9,1765.6,204540.0
2021-05-04,1776.0,1793.2,1799.5,1769.2,246590.0
2021-05-05,1784.3,1778.4,1788.1,1769.3,178810.0
2021-05-06,1815.7,1787.0,1818.6,1781.8,287630.0
2021-05-07,1831.3,1815.4,1844.6,1813.4,367700.0
2021-05-10,1837.6,1835.4,1846.3,1830.5,269710.0
2021-05-11,1836.1,1836.2,1842.5,1817.8,311100.0
2021-05-12,1822.8,1838.2,1844.7,1813.0,339210.0
2021-05-13,1824.0,1816.2,1829.1,1808.4,249930.0
2021-05-14,1838.1,1826.4,1847.1,1819.0,224380.0
2021-05-17,1867.6,1845.9,1869.3,1841.1,267710.0
2021-05-18,1868.0,1867.3,1875.9,1863.5,229020.0
2021-05-19,1881.5,1870.2,1891.3,1852.2,398210.0
2021-05-20,1881.9,1869.9,1885.3,1864.2,223570.0
2021-05-21,1876.7,1878.1,1890.3,1870.3,234290.0
2021-05-24,1884.5,1883.5,1887.9,1875.7,183310.0
2021-05-25,1898.0,1881.2,1901.2,1873.2,316670.0
2021-05-26,1901.2,1900.0,1913.3,1890.7,170530.0
2021-05-27,1896.9,1898.0,1904.5,1890.0,1130.0
2021-05-28,1904.0,1898.3,1907.3,1883.1,1500.0
2021-05-31,1905.0,1906.8,1919.2,1894.5,290650.0
2021-06-01,1903.7,1905.9,1917.4,1893.2,2090.0
2021-06-02,1908.7,1900.2,1910.3,1895.2,1340.0
2021-06-03,1872.1,1909.6,1909.6,1866.4,1350.0
2021-06-04,1890.8,1872.1,1897.3,1855.0,960.0
2021-06-07,1897.6,1893.3,1901.4,1882.5,640.0
2021-06-08,1893.1,1900.6,1904.9,1885.0,1570.0
2021-06-09,1894.2,1893.0,1900.4,1888.0,690.0
2021-06-10,1895.2,1890.2,1901.0,1871.3,980.0
2021-06-11,1878.4,1900.3,1904.5,1875.0,820.0
2021-06-14,1864.6,1878.3,1878.3,1844.8,1220.0
2021-06-15,1855.2,1866.8,1868.8,1852.1,360.0
2021-06-16,1860.2,1859.8,1864.2,1804.2,1690.0
2021-06-17,1774.5,1811.4,1824.0,1767.9,3630.0
2021-06-18,1768.4,1774.0,1796.5,1761.4,1360.0
2021-06-21,1782.3,1763.8,1785.4,1763.8,690.0
2021-06-22,1776.5,1785.3,1789.0,1771.1,830.0
2021-06-23,1782.5,1777.2,1794.5,1772.9,500.0
2021-06-24,1775.8,1778.0,1787.2,1772.5,490.0
2021-06-25,1777.0,1776.0,1789.9,1772.9,520.0
2021-06-28,1779.8,1780.3,1783.5,1770.0,890.0
2021-06-29,1763.6,1778.8,1779.2,1750.1,239910.0
2021-06-30,1771.6,1761.9,1774.7,1753.2,177890.0
2021-07-01,1776.8,1770.8,1783.4,1765.9,171440.0
2021-07-02,1783.3,1777.5,1795.9,1774.4,205860.0
2021-07-05,1794.2,1787.5,1815.7,1784.7,276600.0
2021-07-06,1794.2,1787.5,1815.7,1784.7,276600.0
2021-07-07,1802.1,1797.0,1810.2,1794.1,171080.0
2021-07-08,1800.2,1803.8,1819.5,1793.5,249340.0
2021-07-09,1810.6,1803.2,1813.0,1796.6,185580.0
2021-07-12,1805.9,1808.5,1811.0,1791.0,201420.0
2021-07-13,1809.9,1806.7,1818.0,1798.7,242180.0
2021-07-14,1825.0,1808.3,1831.1,1804.9,229880.0
2021-07-15,1829.0,1828.7,1835.0,1820.6,175610.0
2021-07-16,1815.0,1830.7,1832.7,1809.5,184660.0
2021-07-19,1809.2,1811.6,1818.0,1795.0,249680.0
2021-07-20,1811.4,1813.5,1825.9,1805.2,221140.0
2021-07-21,1803.4,1810.6,1814.4,1794.3,218640.0
2021-07-22,1805.4,1803.9,1808.4,1791.9,193320.0
2021-07-23,1801.8,1807.7,1810.7,1789.1,236760.0
2021-07-26,1799.2,1802.3,1812.0,1796.0,204550.0
2021-07-27,1799.8,1797.1,1805.4,1792.8,177040.0
2021-07-28,1799.7,1798.6,1809.0,1790.7,209780.0
2021-07-29,1832.3,1807.8,1833.8,1807.5,3650.0
2021-07-30,1813.5,1829.2,1831.6,1809.8,1640.0
2021-08-02,1818.7,1813.4,1819.6,1804.9,790.0
2021-08-03,1810.7,1813.1,1814.0,1806.5,460.0
2021-08-04,1811.2,1810.5,1832.1,1805.0,2009.9999999999998
2021-08-05,1805.7,1811.4,1814.3,1796.7,900.0
2021-08-06,1760.3,1803.7,1803.7,1756.8,1990.0
2021-08-09,1723.8,1762.8,1762.8,1690.1,1820.0
2021-08-10,1729.0,1728.6,1736.5,1716.0,710.0
2021-08-11,1750.8,1727.4,1754.0,1723.1,950.0
2021-08-12,1749.3,1750.9,1756.5,1740.1,300.0
2021-08-13,1775.5,1752.0,1778.6,1751.3,1000.0
2021-08-16,1787.2,1777.7,1787.9,1770.4,860.0
2021-08-17,1785.5,1786.5,1794.5,1779.6,1120.0
2021-08-18,1782.1,1785.7,1793.0,1776.5,560.0
2021-08-19,1780.6,1787.2,1792.2,1774.0,400.0
2021-08-20,1781.4,1779.5,1787.8,1778.0,620.0
2021-08-23,1803.6,1780.7,1805.5,1775.9,780.0
2021-08-24,1805.9,1804.8,1809.4,1800.0,500.0
2021-08-25,1788.2,1802.1,1802.1,1782.5,910.0
2021-08-26,1792.4,1790.0,1796.1,1780.7,570.0
2021-08-27,1816.6,1794.6,1818.7,1786.7,1220.0
2021-08-30,1809.8,1819.0,1823.6,1807.8,2780.0
2021-08-31,1815.8,1810.0,1819.5,1801.3,5150.0
2021-09-01,1813.8,1815.0,1820.2,1808.8,5390.0
2021-09-02,1809.4,1814.2,1817.1,1804.6,3450.0
2021-09-03,1831.5,1809.5,1834.5,1809.0,5230.0
2021-09-06,1798.5,1833.5,1833.5,1793.7,252480.0
2021-09-07,1796.3,1831.5,1831.5,1791.8,8860.0
2021-09-08,1791.2,1794.1,1802.2,1780.8,3910.0
2021-09-09,1797.8,1789.5,1800.8,1783.7,6410.0
2021-09-10,1789.9,1794.4,1803.7,1786.5,2940.0
2021-09-13,1792.3,1787.5,1797.8,1782.3,2760.0
2021-09-14,1805.0,1792.8,1808.4,1778.6,5780.0
2021-09-15,1792.6,1804.2,1806.0,1789.8,2660.0
2021-09-16,1754.6,1793.5,1795.1,1743.5,11970.0
2021-09-17,1749.4,1751.1,1765.4,1745.4,8310.0
2021-09-20,1761.8,1752.0,1766.0,1740.5,3660.0
2021-09-21,1776.1,1763.4,1780.8,1756.3,11490.0
2021-09-22,1776.7,1773.1,1785.9,1762.8,6340.0
2021-09-23,1747.7,1766.9,1774.5,1736.3,10630.0
2021-09-24,1749.7,1741.3,1755.6,1738.3,9360.0
2021-09-27,1750.0,1750.0,1758.7,1744.1,9860.0
2021-09-28,1735.9,1748.1,1751.9,1726.4,15750.0
2021-09-29,1722.2,1733.5,1745.1,1721.5,840.0
2021-09-30,1756.3,1725.9,1763.4,1723.3,390.0
2021-10-01,1757.7,1755.9,1764.3,1750.0,150.0
2021-10-04,1766.9,1760.4,1769.5,1747.3,550.0
2021-10-05,1760.2,1768.9,1768.9,1748.1,320.0
2021-10-06,1761.2,1757.7,1765.4,1745.8,390.0
2021-10-07,1758.6,1763.3,1766.2,1753.2,470.0
2021-10-08,1756.8,1757.1,1780.6,1755.0,620.0
2021-10-11,1755.1,1754.0,1759.8,1752.3,120.0
2021-10-12,1758.7,1752.3,1769.5,1751.4,550.0
2021-10-13,1794.1,1760.4,1796.1,1758.5,410.0
2021-10-14,1797.3,1793.0,1800.7,1788.1,430.0
2021-10-15,1767.7,1796.8,1796.8,1766.3,880.0
2021-10-18,1765.1,1767.1,1770.2,1760.2,2180.0
2021-10-19,1769.9,1764.1,1785.0,1763.0,220.0
2021-10-20,1784.4,1768.5,1789.0,1768.4,320.0
2021-10-21,1781.3,1782.4,1788.8,1778.0,120.0
2021-10-22,1795.7,1786.0,1813.5,1785.0,310.0
2021-10-25,1806.2,1793.5,1810.1,1793.3,220.0
2021-10-26,1792.5,1808.6,1808.8,1783.3,580.0
2021-10-27,1797.8,1789.4,1799.0,1785.8,540.0
2021-10-28,1802.6,1798.7,1812.7,1793.1,220880.0
2021-10-29,1783.9,1801.5,1802.9,1772.4,254510.0
2021-11-01,1795.8,1785.3,1797.5,1780.2,143330.0
2021-11-02,1789.4,1794.8,1797.8,1787.4,145790.0
2021-11-03,1763.9,1789.2,1789.3,1758.5,257430.0
2021-11-04,1793.5,1769.9,1800.3,1769.3,222610.0
2021-11-05,1816.8,1792.6,1820.1,1785.3,299620.0
2021-11-08,1828.0,1820.6,1828.3,1813.8,200410.0
2021-11-09,1830.8,1826.9,1834.8,1821.0,224410.0
2021-11-10,1848.3,1834.5,1870.6,1823.0,352790.0
2021-11-11,1863.9,1851.5,1868.7,1845.1,205310.0
2021-11-12,1868.5,1864.3,1871.4,1847.5,201360.0
2021-11-15,1866.6,1872.6,1873.0,1858.5,221210.0
2021-11-16,1854.1,1864.9,1879.5,1851.0,220430.0
2021-11-17,1870.2,1851.6,1870.6,1851.1,172420.0
2021-11-18,1861.4,1869.5,1873.3,1856.6,186060.0
2021-11-19,1851.6,1860.8,1868.1,1844.2,234080.0
2021-11-22,1806.3,1848.3,1850.4,1802.4,352860.0
2021-11-23,1783.8,1807.1,1812.5,1781.7,311350.0
2021-11-24,1784.3,1789.8,1796.2,1777.4,203240.0
2021-11-25,1785.5,1789.6,1816.3,1778.6,186800.0
2021-11-26,1785.5,1789.6,1816.3,1778.6,186800.0
2021-11-29,1783.8,1794.5,1800.2,1781.1,1770.0
2021-11-30,1775.1,1785.8,1809.6,1770.0,1750.0
2021-12-01,1783.0,1776.0,1792.4,1772.5,1270.0
2021-12-02,1761.6,1782.2,1782.5,1761.8,930.0
2021-12-03,1782.9,1770.4,1785.9,1765.9,840.0
2021-12-06,1778.5,1786.8,1786.8,1775.3,350.0
2021-12-07,1783.6,1778.2,1786.5,1771.8,550.0
2021-12-08,1784.5,1784.0,1790.9,1779.8,1040.0
2021-12-09,1775.7,1783.2,1786.8,1774.3,310.0
2021-12-10,1783.8,1775.2,1789.4,1769.6,450.0
2021-12-13,1787.3,1783.0,1790.2,1781.6,360.0
2021-12-14,1771.3,1786.1,1787.7,1766.0,440.0
2021-12-15,1763.6,1770.4,1779.8,1754.3,1130.0
2021-12-16,1797.4,1778.3,1799.3,1775.0,470.0
2021-12-17,1804.1,1800.1,1814.1,1796.5,790.0
2021-12-20,1793.8,1798.5,1803.5,1789.0,420.0
2021-12-21,1788.0,1790.7,1799.9,1784.7,470.0
2021-12-22,1801.5,1789.8,1805.0,1785.9,1000.0
2021-12-23,1811.0,1804.9,1810.8,1799.8,770.0
2021-12-27,1808.0,1808.4,1813.3,1803.7,1190.0
2021-12-28,1810.1,1812.0,1820.0,1805.3,610.0
2021-12-29,1804.8,1805.0,1807.1,1788.4,620.0
2021-12-30,1814.1,1805.6,1818.1,1796.2,113430.0
2021-12-31,1828.6,1817.0,1831.4,1815.4,106600.0
2022-01-03,1800.1,1830.1,1833.0,1798.2,168310.0
2022-01-04,1814.6,1801.1,1817.2,1798.1,167710.0
2022-01-05,1825.1,1815.2,1830.7,1808.2,173340.0
2022-01-06,1789.2,1810.6,1811.6,1785.4,238640.0
2022-01-07,1797.4,1791.0,1798.4,1781.3,238930.0
2022-01-10,1798.8,1796.4,1802.0,1789.3,173040.0
2022-01-11,1818.5,1801.3,1823.1,1799.7,184150.0
2022-01-12,1827.3,1821.3,1828.2,1814.4,192980.0
2022-01-13,1821.4,1825.7,1828.3,1811.8,215520.0
2022-01-14,1816.5,1822.1,1829.3,1814.2,174940.0
2022-01-17,1812.4,1818.7,1822.9,1804.7,362940.0
2022-01-18,1812.4,1818.7,1822.9,1804.7,362940.0
2022-01-19,1843.2,1812.9,1843.9,1809.0,318490.0
2022-01-20,1842.6,1840.1,1848.5,1836.2,233860.0
2022-01-21,1831.8,1840.6,1843.7,1828.4,225250.0
2022-01-24,1841.7,1835.2,1844.9,1829.3,244330.0
2022-01-25,1852.5,1843.6,1854.2,1834.4,197800.0
2022-01-26,1829.7,1848.0,1850.2,1814.1,270030.0
2022-01-27,1793.1,1819.0,1821.4,1790.6,196040.0
2022-01-28,1785.8,1798.4,1799.1,1779.7,1300.0
2022-01-31,1796.0,1791.8,1800.0,1785.7,1370.0
2022-02-01,1800.8,1798.1,1808.7,1796.0,2540.0
2022-02-02,1809.5,1800.3,1810.5,1794.5,1220.0
2022-02-03,1803.2,1806.8,1807.6,1787.8,1180.0
2022-02-04,1806.8,1804.6,1814.5,1792.4,1620.0
2022-02-07,1820.8,1807.8,1823.3,1807.8,1410.0
2022-02-08,1826.8,1820.7,1828.7,1815.7,930.0
2022-02-09,1835.6,1826.1,1835.8,1824.7,880.0
2022-02-10,1836.4,1833.1,1842.2,1821.0,790.0
2022-02-11,1841.1,1827.4,1866.4,1821.5,950.0
2022-02-14,1868.3,1861.4,1875.0,1851.1,860.0
2022-02-15,1855.1,1872.0,1880.1,1844.7,880.0
2022-02-16,1870.5,1854.3,1873.4,1851.7,430.0
2022-02-17,1901.0,1870.6,1902.3,1869.9,960.0
2022-02-18,1898.8,1901.2,1903.5,1887.5,640.0
2022-02-21,1907.4,1903.5,1918.3,1889.7,334590.0
2022-02-22,1906.4,1902.5,1916.8,1888.7,2190.0
2022-02-23,1909.4,1900.3,1911.5,1890.4,1980.0
2022-02-24,1925.4,1911.1,1975.0,1880.0,2710.0
2022-02-25,1887.6,1906.5,1925.0,1884.4,229780.0
2022-02-28,1900.7,1921.0,1935.2,1892.2,249270.0
2022-03-01,1943.8,1908.4,1952.6,1903.0,224000.0
2022-03-02,1922.3,1945.3,1951.4,1916.0,227980.0
2022-03-03,1935.9,1931.7,1944.6,1923.1,180210.0
2022-03-04,1966.6,1938.5,1974.9,1931.5,241530.0
2022-03-07,1995.9,1978.5,2007.5,1964.2,372190.0
2022-03-08,2043.3,2001.0,2078.8,1985.8,447650.0
2022-03-09,1988.2,2060.2,2068.5,1981.0,360350.0
2022-03-10,2000.4,1992.8,2015.1,1975.0,303270.0
2022-03-11,1985.0,2000.3,2004.0,1960.6,262089.99999999997
2022-03-14,1960.8,1988.7,1994.8,1952.0,162200.0
2022-03-15,1929.7,1953.7,1956.9,1908.1,220370.0
2022-03-16,1909.2,1920.1,1930.1,1895.2,195460.0
2022-03-17,1943.2,1928.4,1951.0,1924.0,149830.0
2022-03-18,1929.3,1943.9,1946.2,1918.0,150880.0
2022-03-21,1929.5,1922.4,1941.8,1917.2,146410.0
2022-03-22,1921.5,1936.1,1939.5,1909.8,153280.0
2022-03-23,1937.3,1920.9,1948.8,1915.6,153310.0
2022-03-24,1962.2,1944.1,1967.2,1937.4,181200.0
2022-03-25,1954.2,1957.8,1965.1,1942.6,147900.0
2022-03-28,1939.8,1958.7,1959.8,1915.7,181370.0
2022-03-29,1912.2,1922.4,1929.4,1888.3,128050.00000000001
2022-03-30,1936.1,1922.4,1940.0,1917.8,2380.0
2022-03-31,1951.1,1935.4,1951.9,1921.5,1460.0
2022-04-01,1920.9,1939.3,1940.9,1919.0,1090.0
2022-04-04,1930.6,1924.5,1938.0,1917.8,2009.9999999999998
2022-04-05,1924.1,1934.4,1945.0,1918.1,1190.0
2022-04-06,1919.7,1924.8,1932.0,1914.0,1210.0
2022-04-07,1934.7,1923.8,1937.1,1920.4,1190.0
2022-04-08,1942.4,1931.3,1948.9,1928.7,960.0
2022-04-11,1945.1,1949.5,1970.8,1940.8,400.0
2022-04-12,1973.2,1953.5,1979.2,1951.0,1000.0
2022-04-13,1981.9,1968.6,1982.4,1963.7,530.0
2022-04-14,1972.2,1977.5,1981.1,1961.2,570.0
2022-04-18,1983.6,1974.8,2000.0,1972.5,510.0
2022-04-19,1956.3,1978.6,1981.0,1943.5,780.0
2022-04-20,1952.9,1949.9,1957.8,1938.7,630.0
2022-04-21,1945.4,1955.0,1955.2,1935.8,470.0
2022-04-22,1931.6,1949.5,1954.2,1926.7,670.0
2022-04-25,1893.3,1932.3,1932.3,1890.0,1620.0
2022-04-26,1901.5,1898.5,1908.5,1894.0,460.0
2022-04-27,1885.8,1903.1,1903.1,1879.2,1790.0
2022-04-28,1891.3,1886.8,1897.8,1870.9,170910.0
2022-04-29,1911.7,1895.8,1921.3,1893.5,177140.0
2022-05-02,1863.6,1896.2,1900.4,1853.4,193830.0
2022-05-03,1870.6,1863.6,1878.4,1849.7,167430.0
2022-05-04,1868.8,1868.3,1892.0,1861.1,161480.0
2022-05-05,1875.7,1884.1,1910.7,1872.3,218390.0
2022-05-06,1882.8,1877.5,1894.0,1865.0,194280.0
2022-05-09,1858.6,1883.7,1885.6,1851.0,218820.0
2022-05-10,1841.0,1853.9,1864.7,1834.5,260810.0
2022-05-11,1853.7,1836.6,1857.8,1830.6,243560.0
2022-05-12,1824.6,1852.3,1858.8,1820.1,255610.0
2022-05-13,1808.2,1821.4,1827.6,1797.2,179480.0
2022-05-16,1814.0,1809.4,1826.0,1785.0,159490.0
2022-05-17,1818.9,1823.9,1834.8,1811.0,137290.0
2022-05-18,1815.9,1813.2,1822.9,1805.0,150350.0
2022-05-19,1841.2,1815.1,1848.2,1808.4,175240.0
2022-05-20,1842.1,1839.6,1847.8,1830.6,143050.0
2022-05-23,1847.8,1844.4,1864.3,1843.3,163270.0
2022-05-24,1865.4,1852.3,1869.1,1847.6,174760.0
2022-05-25,1846.3,1865.4,1866.7,1838.7,182820.0
2022-05-26,1847.6,1851.8,1852.8,1836.3,123360.0
2022-05-27,1854.0,1852.0,1862.7,1849.7,1100.0
2022-05-30,1848.4,1856.5,1867.9,1837.6,201800.0
2022-05-31,1845.2,1852.6,1863.7,1834.7,1810.0
2022-06-01,1845.8,1837.1,1850.0,1827.9,1230.0
2022-06-02,1868.4,1846.8,1870.7,1844.0,700.0
2022-06-03,1847.3,1869.8,1875.0,1847.2,570.0
2022-06-06,1840.8,1849.9,1857.5,1840.3,310.0
2022-06-07,1849.2,1841.1,1855.0,1836.0,620.0
2022-06-08,1853.6,1852.0,1859.1,1844.4,170.0
2022-06-09,1850.1,1853.2,1853.8,1839.0,340.0
2022-06-10,1872.7,1847.5,1876.6,1824.1,1150.0
2022-06-13,1829.2,1876.4,1879.5,1818.6,730.0
2022-06-14,1810.5,1810.7,1830.0,1803.0,1370.0
2022-06-15,1816.3,1806.6,1840.0,1805.6,1030.0
2022-06-16,1846.6,1831.9,1855.8,1815.8,980.0
2022-06-17,1836.5,1851.8,1851.8,1832.0,480.0
2022-06-20,1838.8,1840.6,1848.4,1830.7,176300.0
2022-06-21,1835.4,1834.7,1842.4,1831.0,420.0
2022-06-22,1835.2,1829.3,1845.1,1822.3,530.0
2022-06-23,1826.3,1835.0,1842.9,1822.4,230.0
2022-06-24,1827.0,1822.6,1829.0,1814.6,570.0
2022-06-27,1821.0,1833.4,1837.3,1818.0,580.0
2022-06-28,1817.5,1820.1,1825.3,1816.4,390.0
2022-06-29,1817.5,1821.4,1834.9,1810.7,155540.0
2022-06-30,1807.3,1819.2,1826.8,1802.5,208900.0
2022-07-01,1801.5,1808.1,1813.6,1783.4,249490.0
2022-07-04,1763.9,1814.4,1815.2,1763.0,310370.0
2022-07-05,1763.9,1814.4,1815.2,1763.0,310370.0
2022-07-06,1736.5,1764.2,1771.5,1730.7,258820.0
2022-07-07,1739.7,1737.2,1748.2,1734.7,151260.0
2022-07-08,1742.3,1738.7,1751.7,1726.0,189180.0
2022-07-11,1731.7,1741.5,1743.0,1729.0,171900.0
2022-07-12,1724.8,1731.3,1742.2,1721.6,255170.0
2022-07-13,1735.5,1723.6,1744.3,1704.5,300550.0
2022-07-14,1705.8,1733.6,1734.8,1695.0,266350.0
2022-07-15,1703.6,1708.2,1714.2,1696.6,176800.0
2022-07-18,1710.2,1706.4,1722.0,1704.4,157540.0
2022-07-19,1710.7,1707.2,1716.5,1702.6,131770.0
2022-07-20,1700.2,1709.5,1712.7,1690.1,174470.0
2022-07-21,1713.4,1693.7,1719.5,1678.4,248880.0
2022-07-22,1727.4,1717.2,1738.3,1711.7,200620.0
2022-07-25,1719.1,1726.3,1734.6,1712.9,160720.0
2022-07-26,1717.7,1717.9,1726.4,1711.5,147370.0
2022-07-27,1719.1,1715.2,1739.6,1709.1,144870.0
2022-07-28,1754.4,1737.0,1759.0,1736.5,1470.0
2022-07-29,1766.9,1758.5,1769.7,1754.0,860.0
2022-08-01,1772.7,1767.7,1777.0,1759.8,1070.0
2022-08-02,1774.8,1773.9,1790.5,1762.0,2470.0
2022-08-03,1760.9,1763.0,1774.0,1754.8,1820.0
2022-08-04,1791.2,1765.8,1795.5,1764.1,1650.0
2022-08-05,1775.8,1790.9,1795.2,1765.0,2040.0
2022-08-08,1789.6,1776.3,1790.3,1771.5,1690.0
2022-08-09,1796.8,1789.5,1801.0,1784.0,930.0
2022-08-10,1798.5,1796.0,1809.1,1788.2,1600.0
2022-08-11,1792.1,1792.3,1799.0,1784.0,1920.0
2022-08-12,1800.8,1789.0,1803.8,1786.0,570.0
2022-08-15,1783.3,1803.7,1803.7,1772.8,660.0
2022-08-16,1774.9,1780.1,1783.0,1770.5,430.0
2022-08-17,1761.9,1775.5,1781.7,1759.0,620.0
2022-08-18,1756.5,1763.0,1771.0,1754.6,710.0
2022-08-19,1748.4,1757.7,1757.7,1744.8,620.0
2022-08-22,1734.4,1747.0,1747.0,1726.0,680.0
2022-08-23,1747.3,1734.6,1753.0,1730.0,1570.0
2022-08-24,1747.8,1746.0,1755.2,1742.0,970.0
2022-08-25,1757.8,1751.1,1765.1,1750.0,730.0
2022-08-26,1736.5,1758.0,1758.0,1733.1,1050.0
2022-08-29,1736.7,1736.0,1741.0,1718.2,950.0
2022-08-30,1726.9,1740.5,1743.1,1723.7,6950.0
2022-08-31,1716.9,1725.8,1728.7,1711.7,8910.0
2022-09-01,1699.6,1713.1,1713.1,1689.8,11250.0
2022-09-02,1713.0,1698.6,1719.8,1696.9,8550.0
2022-09-05,1712.9,1724.2,1737.4,1710.6,206270.0
2022-09-06,1703.4,1715.0,1727.0,1701.0,7570.0
2022-09-07,1718.2,1703.2,1721.4,1692.5,7510.0
2022-09-08,1710.6,1720.3,1729.3,1704.4,5090.0
2022-09-09,1718.8,1710.2,1730.5,1710.0,8170.0
2022-09-12,1730.8,1719.2,1736.4,1712.7,5710.0
2022-09-13,1707.1,1725.8,1732.8,1696.9,11550.0
2022-09-14,1698.2,1702.5,1706.8,1692.8,7080.0
2022-09-15,1666.8,1696.8,1696.8,1658.7,12320.0
2022-09-16,1672.8,1663.3,1679.2,1651.9,10860.0
2022-09-19,1667.6,1673.0,1678.0,1657.1,6290.0
2022-09-20,1661.0,1674.6,1678.0,1657.8,7070.0
2022-09-21,1665.8,1664.6,1687.0,1651.5,10100.0
2022-09-22,1671.4,1670.4,1683.6,1653.7,6420.0
2022-09-23,1645.3,1670.1,1674.5,1636.1,17010.0
2022-09-26,1623.6,1642.8,1646.4,1618.4,14960.0
2022-09-27,1626.5,1621.5,1640.2,1620.9,15910.0
2022-09-28,1660.3,1627.0,1661.5,1613.0,18310.0
2022-09-29,1663.6,1662.2,1667.5,1644.5,2390.0
2022-09-30,1667.2,1665.4,1678.8,1663.4,390.0
2022-10-03,1697.2,1667.9,1704.0,1664.4,640.0
2022-10-04,1725.5,1703.4,1731.5,1699.9,810.0
2022-10-05,1715.6,1729.2,1729.7,1703.9,1040.0
2022-10-06,1715.5,1719.4,1728.7,1710.2,230.0
2022-10-07,1704.0,1714.3,1714.6,1694.3,260.0
2022-10-10,1670.1,1698.7,1700.9,1667.5,490.0
2022-10-11,1680.9,1670.2,1686.0,1665.0,740.0
2022-10-12,1672.3,1668.3,1679.6,1663.0,230.0
2022-10-13,1671.8,1675.3,1680.0,1644.5,320.0
2022-10-14,1643.7,1665.6,1672.1,1640.8,640.0
2022-10-17,1658.9,1646.3,1667.6,1645.2,600.0
2022-10-18,1650.7,1651.0,1660.4,1647.0,720.0
2022-10-19,1629.0,1652.4,1654.0,1628.0,300.0
2022-10-20,1631.8,1628.9,1644.3,1621.2,500.0
2022-10-21,1651.5,1626.1,1657.2,1618.1,640.0
2022-10-24,1649.2,1662.0,1666.3,1643.6,150.0
2022-10-25,1653.3,1649.6,1660.5,1637.0,590.0
2022-10-26,1664.4,1652.3,1674.0,1652.3,320.0
2022-10-27,1660.3,1664.1,1669.2,1654.4,2300.0
2022-10-28,1644.8,1667.2,1670.9,1640.7,196360.0
2022-10-31,1640.7,1647.2,1648.5,1634.5,128410.0
2022-11-01,1649.7,1636.1,1660.3,1633.6,197980.0
2022-11-02,1650.0,1651.4,1673.1,1637.4,220930.0
2022-11-03,1630.9,1639.1,1643.2,1618.3,254700.0
2022-11-04,1676.6,1631.7,1686.4,1631.1,293520.0
2022-11-07,1680.5,1678.6,1685.6,1670.0,187590.0
2022-11-08,1716.0,1678.0,1720.4,1667.1,297620.0
2022-11-09,1713.7,1715.2,1725.8,1705.1,239650.0
2022-11-10,1753.7,1709.7,1760.6,1705.5,305720.0
2022-11-11,1769.4,1758.3,1775.6,1750.3,227040.0
2022-11-14,1776.9,1769.4,1778.4,1755.8,191350.0
2022-11-15,1776.8,1774.0,1791.8,1770.2,283020.0
2022-11-16,1775.8,1782.0,1788.2,1773.4,200760.0
2022-11-17,1763.0,1777.0,1777.6,1756.6,169100.0
2022-11-18,1754.4,1763.1,1769.9,1749.2,137330.0
2022-11-21,1739.6,1752.0,1755.0,1733.9,166080.0
2022-11-22,1739.9,1739.7,1751.0,1737.6,153090.0
2022-11-23,1745.6,1740.8,1754.9,1719.0,167770.0
2022-11-24,1754.0,1751.0,1761.2,1745.9,134300.0
2022-11-25,1754.0,1751.0,1761.2,1745.9,134300.0
2022-11-28,1740.3,1755.0,1763.5,1738.2,132770.0
2022-11-29,1756.3,1747.6,1765.0,1746.0,1590.0
2022-11-30,1753.2,1755.5,1776.7,1751.8,1560.0
2022-12-01,1808.2,1778.4,1810.9,1777.7,1270.0
2022-12-02,1802.6,1809.5,1811.5,1786.0,1170.0
2022-12-05,1774.3,1803.7,1815.0,1771.6,1340.0
2022-12-06,1775.5,1775.3,1786.0,1772.5,550.0
2022-12-07,1791.0,1774.7,1795.9,1774.3,840.0
2022-12-08,1794.2,1792.5,1799.0,1786.7,560.0
2022-12-09,1803.5,1793.5,1810.8,1793.5,500.0
2022-12-12,1785.0,1801.6,1801.6,1782.0,310.0
2022-12-13,1818.3,1785.8,1829.0,1785.0,570.0
2022-12-14,1811.5,1815.1,1817.1,1800.0,280.0
2022-12-15,1780.6,1811.8,1812.1,1775.0,690.0
2022-12-16,1793.5,1779.9,1797.2,1778.8,430.0
2022-12-19,1791.0,1795.2,1801.4,1788.6,210.0
2022-12-20,1818.6,1796.4,1824.3,1789.6,510.0
2022-12-21,1818.5,1821.6,1825.4,1815.9,160.0
2022-12-22,1788.5,1818.0,1822.0,1787.1,410.0
2022-12-23,1797.4,1793.7,1805.5,1793.2,240.0
2022-12-27,1816.3,1799.7,1834.1,1799.7,220.0
2022-12-28,1808.8,1812.4,1812.4,1801.3,430.0
2022-12-29,1826.0,1812.3,1827.3,1811.2,105990.0
2022-12-30,1826.2,1821.8,1832.4,1819.8,107500.0
2023-01-03,1846.1,1831.8,1856.6,1831.3,212270.0
2023-01-04,1859.0,1845.2,1871.3,1842.0,198350.0
2023-01-05,1840.6,1861.2,1864.3,1829.9,188600.0
2023-01-06,1869.7,1835.9,1875.2,1835.2,215370.0
2023-01-09,1877.8,1872.8,1886.4,1869.3,204550.0
2023-01-10,1876.5,1875.7,1885.2,1872.0,170510.0
2023-01-11,1878.9,1881.3,1890.9,1870.9,222250.0
2023-01-12,1898.8,1879.7,1906.5,1872.4,265170.0
2023-01-13,1921.7,1898.8,1925.3,1895.1,247880.0
2023-01-16,1909.9,1923.8,1931.8,1906.2,268370.0
2023-01-17,1909.9,1923.8,1931.8,1906.2,268370.0
2023-01-18,1907.0,1911.1,1929.8,1898.6,218970.0
2023-01-19,1923.9,1907.0,1936.9,1902.0,214250.0
2023-01-20,1928.2,1933.7,1939.0,1922.0,165270.0
2023-01-23,1928.6,1928.4,1936.7,1912.5,190090.0
2023-01-24,1935.4,1932.0,1943.8,1918.2,201710.0
2023-01-25,1942.6,1938.7,1949.5,1920.6,190300.0
2023-01-26,1930.0,1948.0,1949.8,1918.4,223260.0
2023-01-27,1929.4,1929.3,1935.4,1916.5,150900.0
2023-01-30,1930.2,1936.2,1940.8,1927.3,2800.0
2023-01-31,1936.6,1929.5,1938.0,1907.4,1810.0
2023-02-01,1934.3,1935.1,1961.7,1928.0,2190.0
2023-02-02,1922.2,1959.3,1966.3,1917.1,1870.0
2023-02-03,1868.3,1918.2,1923.6,1866.1,2600.0
2023-02-06,1871.2,1866.7,1885.4,1865.9,1590.0
2023-02-07,1876.5,1871.9,1888.5,1869.4,1450.0
2023-02-08,1882.2,1877.4,1890.0,1874.0,1030.0
2023-02-09,1870.0,1879.0,1893.7,1862.0,850.0
2023-02-10,1865.9,1864.7,1873.3,1855.0,770.0
2023-02-13,1855.1,1866.7,1868.5,1852.7,830.0
2023-02-14,1857.0,1856.0,1871.0,1845.0,720.0
2023-02-15,1837.0,1856.3,1861.7,1831.8,780.0
2023-02-16,1843.4,1838.9,1846.0,1828.3,650.0
2023-02-17,1842.0,1835.5,1844.6,1819.8,730.0
2023-02-20,1842.5,1850.5,1856.4,1839.0,210170.0
2023-02-21,1834.2,1842.0,1848.0,1831.1,910.0
2023-02-22,1833.3,1837.0,1846.4,1825.1,570.0
2023-02-23,1818.8,1823.6,1832.7,1818.3,650.0
2023-02-24,1809.2,1825.2,1827.1,1808.8,400.0
2023-02-27,1824.9,1818.0,1827.3,1812.0,130430.0
2023-02-28,1836.7,1823.9,1838.6,1810.8,184510.0
2023-03-01,1845.4,1834.0,1852.5,1829.6,182580.0
2023-03-02,1840.5,1843.8,1845.3,1835.9,139760.0
2023-03-03,1854.6,1842.1,1864.4,1842.0,158960.0
2023-03-06,1854.6,1861.0,1864.3,1850.6,136220.0
2023-03-07,1820.0,1852.6,1856.9,1817.1,248230.0
2023-03-08,1818.6,1818.0,1828.7,1813.4,208290.0
2023-03-09,1834.6,1818.0,1839.4,1815.4,228470.0
2023-03-10,1867.2,1835.1,1874.3,1830.0,345810.0
2023-03-13,1916.5,1877.1,1919.5,1875.7,452330.0
2023-03-14,1910.9,1919.4,1919.4,1899.8,261279.99999999997
2023-03-15,1931.3,1908.2,1942.5,1889.5,385450.0
2023-03-16,1923.0,1922.8,1938.0,1911.5,248080.0
2023-03-17,1973.5,1925.9,1993.7,1922.3,351090.0
2023-03-20,1982.8,1989.7,2014.9,1970.0,338020.0
2023-03-21,1941.1,1983.1,1988.7,1938.6,248930.0
2023-03-22,1949.6,1943.5,1982.3,1936.5,245030.0
2023-03-23,1995.9,1974.0,2006.1,1967.3,262250.0
2023-03-24,1983.8,1996.1,2006.5,1977.7,285440.0
2023-03-27,1953.8,1982.6,1984.0,1945.0,206630.0
2023-03-28,1973.5,1957.8,1977.1,1949.9,183580.0
2023-03-29,1966.9,1975.4,1976.0,1959.5,88560.0
2023-03-30,1988.5,1973.0,1993.3,1962.7,1190.0
2023-03-31,1977.0,1988.5,1995.5,1975.3,750.0
2023-04-03,1991.3,1982.6,1998.5,1956.9,760.0
2023-04-04,2029.4,1993.2,2034.2,1985.9,1090.0
2023-04-05,2026.8,2030.0,2040.1,2018.7,1170.0
2023-04-06,2017.4,2028.4,2028.6,2007.9,1200.0
2023-04-10,1994.8,2003.6,2011.2,1988.0,1000.0
2023-04-11,2010.0,1996.7,2013.4,1996.2,460.0
2023-04-12,2015.7,2010.0,2034.1,2007.0,830.0
2023-04-13,2045.8,2019.5,2053.0,2019.5,930.0
2023-04-14,2006.5,2044.9,2051.9,1996.7,1480.0
2023-04-17,1997.6,2004.8,2018.2,1984.6,740.0
2023-04-18,2010.3,1997.1,2013.4,1994.5,220.0
2023-04-19,1998.0,2008.5,2009.7,1971.9,920.0
2023-04-20,2009.8,1996.5,2014.5,1994.2,420.0
2023-04-21,1981.3,2005.1,2007.0,1973.0,620.0
2023-04-24,1990.6,1983.2,1991.0,1975.3,540.0
2023-04-25,1995.1,1995.4,2005.0,1979.3,850.0
2023-04-26,1986.9,2000.0,2009.8,1986.6,620.0
2023-04-27,1999.0,1999.8,2013.3,1982.0,203900.0
2023-04-28,1999.1,1997.2,2004.1,1984.4,172450.0
2023-05-01,1992.2,2000.2,2015.4,1985.7,173020.0
2023-05-02,2023.3,1990.5,2028.8,1986.9,245640.0
2023-05-03,2037.0,2026.4,2050.0,2016.0,229670.0
2023-05-04,2055.7,2054.7,2085.4,2038.5,311000.0
2023-05-05,2024.8,2058.0,2061.3,2007.0,283300.0
2023-05-08,2033.2,2024.6,2037.1,2022.0,182210.0
2023-05-09,2042.9,2028.4,2045.1,2026.4,199700.0
2023-05-10,2037.1,2041.6,2056.0,2028.3,260810.0
2023-05-11,2020.5,2036.8,2047.6,2016.7,296980.0
2023-05-12,2019.8,2020.5,2027.8,2005.7,220500.0
2023-05-15,2022.7,2013.4,2027.5,2011.2,163250.0
2023-05-16,1993.0,2021.3,2022.7,1989.1,229940.0
2023-05-17,1984.9,1993.0,1997.0,1978.1,206550.0
2023-05-18,1959.8,1985.6,1988.8,1954.4,227730.0
2023-05-19,1981.6,1960.5,1987.4,1956.3,234600.0
2023-05-22,1977.2,1979.4,1984.8,1970.7,165770.0
2023-05-23,1974.5,1973.9,1980.0,1955.8,214360.0
2023-05-24,1964.6,1977.3,1987.9,1958.4,229890.0
2023-05-25,1943.7,1959.5,1965.4,1939.0,253880.0
2023-05-26,1944.3,1941.7,1957.1,1936.0,166040.0
2023-05-29,1977.1,1961.3,1981.9,1949.6,264370.0
2023-05-30,1968.1,1951.6,1972.4,1941.2,3550.0
2023-05-31,1973.1,1968.4,1984.0,1963.2,1130.0
2023-06-01,1986.5,1972.3,1991.4,1961.3,1050.0
2023-06-02,1960.6,1985.1,1990.9,1955.0,1020.0
2023-06-05,1965.7,1954.4,1970.8,1945.0,1700.0
2023-06-06,1972.9,1968.9,1973.6,1962.0,340.0
2023-06-07,1949.9,1971.2,1977.5,1947.1,820.0
2023-06-08,1969.9,1948.6,1976.0,1948.1,1140.0
2023-06-09,1968.4,1970.6,1978.4,1962.4,430.0
2023-06-12,1960.9,1966.1,1971.5,1954.8,440.0
2023-06-13,1949.9,1962.9,1976.0,1944.5,760.0
2023-06-14,1960.1,1948.6,1964.9,1944.3,1070.0
2023-06-15,1961.8,1948.8,1963.7,1929.6,820.0
2023-06-16,1962.2,1961.3,1970.6,1956.7,620.0
2023-06-19,1947.7,1970.7,1971.8,1940.8,250140.0
2023-06-20,1938.9,1961.7,1961.7,1932.4,740.0
2023-06-21,1936.1,1939.5,1940.7,1922.2,810.0
2023-06-22,1915.0,1935.9,1935.9,1914.0,370.0
2023-06-23,1921.0,1915.0,1939.3,1911.3,750.0
2023-06-26,1925.1,1926.4,1934.5,1923.0,770.0
2023-06-27,1915.1,1927.4,1930.2,1912.3,230.0
2023-06-28,1913.4,1915.2,1916.7,1903.6,630.0
2023-06-29,1917.9,1916.5,1921.3,1900.6,205250.0
2023-06-30,1929.4,1916.4,1930.8,1908.1,180690.0
2023-07-03,1929.5,1927.8,1939.9,1917.7,152960.0
2023-07-04,1927.1,1929.1,1942.9,1922.1,245930.0
2023-07-05,1927.1,1929.1,1942.9,1922.1,245930.0
2023-07-06,1915.4,1922.4,1934.0,1908.5,231510.0
2023-07-07,1932.5,1916.6,1941.1,1915.4,214270.0
2023-07-10,1931.0,1930.7,1933.7,1918.0,208090.0
2023-07-11,1937.1,1930.8,1944.5,1929.8,189370.0
2023-07-12,1961.7,1938.0,1965.1,1937.5,270870.0
2023-07-13,1963.8,1962.7,1968.5,1956.6,241220.0
2023-07-14,1964.4,1965.2,1967.8,1954.7,209310.0
2023-07-17,1956.4,1958.6,1963.6,1949.0,165830.0
2023-07-18,1980.8,1958.3,1988.3,1958.1,264090.0
2023-07-19,1980.8,1982.5,1984.6,1973.3,159410.0
2023-07-20,1970.9,1980.0,1989.8,1967.7,189930.0
2023-07-21,1966.6,1972.1,1975.9,1958.8,156540.0
2023-07-24,1962.2,1963.6,1969.8,1955.3,197210.0
2023-07-25,1963.7,1957.0,1967.1,1951.6,188850.0
2023-07-26,1970.1,1966.3,1979.9,1963.2,208110.0
2023-07-27,1945.7,1973.3,1982.6,1941.7,194250.0
2023-07-28,1970.1,1955.5,1972.0,1953.9,3240.0
2023-07-31,1979.6,1967.9,1981.1,1958.0,620.0
2023-08-01,1949.7,1974.3,1974.4,1949.6,1550.0
2023-08-02,1946.0,1957.1,1962.9,1940.5,740.0
2023-08-03,1939.9,1943.2,1945.5,1936.6,510.0
2023-08-04,1946.9,1941.0,1954.6,1927.5,1390.0
2023-08-07,1940.7,1948.5,1952.0,1937.0,510.0
2023-08-08,1930.8,1941.8,1943.4,1928.2,980.0
2023-08-09,1921.9,1930.2,1936.3,1919.8,720.0
2023-08-10,1920.1,1920.6,1934.4,1915.9,770.0
2023-08-11,1918.0,1916.0,1924.5,1914.3,460.0
2023-08-14,1915.6,1914.9,1918.6,1906.0,610.0
2023-08-15,1906.9,1911.0,1915.0,1899.7,370.0
2023-08-16,1900.2,1905.1,1909.6,1894.1,390.0
2023-08-17,1887.2,1894.6,1904.6,1886.6,710.0
2023-08-18,1888.7,1891.3,1898.0,1888.4,610.0
2023-08-21,1895.7,1890.6,1899.9,1886.3,1270.0
2023-08-22,1898.6,1896.3,1905.7,1890.8,1020.0
2023-08-23,1920.5,1899.2,1921.7,1899.2,920.0
2023-08-24,1919.1,1918.7,1923.0,1911.6,1290.0
2023-08-25,1911.9,1916.0,1921.2,1903.0,790.0
2023-08-28,1918.5,1915.2,1926.0,1912.3,390.0
2023-08-29,1936.4,1920.3,1937.0,1914.4,1670.0
2023-08-30,1954.0,1947.8,1958.0,1943.8,6330.0
2023-08-31,1947.0,1951.8,1955.6,1946.6,4059.9999999999995
2023-09-01,1948.4,1947.9,1961.1,1942.3,6260.0
2023-09-04,1952.6,1966.7,1972.6,1950.6,192790.0
2023-09-05,1934.3,1947.9,1954.1,1932.4,7210.0
2023-09-06,1925.8,1933.4,1936.1,1921.6,5410.0
2023-09-07,1924.1,1923.2,1929.0,1922.0,4059.9999999999995
2023-09-08,1924.6,1925.7,1935.5,1922.8,6620.0
2023-09-11,1929.2,1925.6,1936.5,1921.8,3090.0
2023-09-12,1917.2,1927.4,1929.3,1912.0,4770.0
2023-09-13,1914.4,1917.8,1920.1,1909.6,4870.0
2023-09-14,1914.4,1912.7,1916.0,1903.8,5990.0
2023-09-15,1927.9,1914.1,1934.0,1913.3,4750.0
2023-09-18,1935.2,1927.7,1937.3,1925.8,3190.0
2023-09-19,1935.3,1936.7,1940.3,1932.5,2810.0
2023-09-20,1948.6,1934.7,1950.2,1930.4,6220.0
2023-09-21,1921.2,1932.8,1933.6,1915.0,5620.0
2023-09-22,1927.2,1921.8,1930.5,1921.5,3300.0
2023-09-25,1918.2,1926.4,1927.9,1915.5,7990.0
2023-09-26,1901.6,1916.7,1917.1,1899.0,12740.0
2023-09-27,1872.3,1900.3,1902.9,1872.1,12250.0
2023-09-28,1869.5,1885.4,1886.7,1865.5,900.0
2023-09-29,1856.9,1873.0,1887.3,1853.4,920.0
2023-10-02,1838.2,1853.9,1855.1,1833.8,820.0
2023-10-03,1832.6,1835.7,1839.9,1822.8,430.0
2023-10-04,1826.1,1829.1,1836.0,1823.0,510.0
2023-10-05,1823.2,1828.0,1834.1,1817.8,430.0
2023-10-06,1836.7,1826.2,1840.2,1815.3,650.0
2023-10-09,1855.7,1850.7,1867.8,1849.1,820.0
2023-10-10,1866.7,1866.3,1870.0,1858.1,360.0
2023-10-11,1878.4,1864.6,1881.5,1864.3,480.0
2023-10-12,1874.2,1880.2,1888.8,1872.1,400.0
2023-10-13,1932.1,1875.2,1934.8,1875.2,890.0
2023-10-16,1925.1,1931.9,1931.9,1912.0,470.0
2023-10-17,1926.4,1923.2,1934.1,1918.0,280.0
2023-10-18,1958.8,1926.6,1966.1,1926.6,330.0
2023-10-19,1971.2,1950.3,1980.7,1948.4,1370.0
2023-10-20,1985.0,1976.5,1998.9,1975.7,1030.0
2023-10-23,1978.2,1977.9,1983.1,1963.6,450.0
2023-10-24,1976.8,1975.1,1980.3,1958.3,1230.0
2023-10-25,1985.5,1972.0,1988.8,1971.0,160.0
2023-10-26,1987.9,1981.6,1992.5,1974.4,200.0
2023-10-27,1989.0,1987.5,2009.8,1978.5,370.0
2023-10-30,2005.6,2013.5,2016.8,1999.7,181340.0
2023-10-31,1994.3,2005.6,2017.7,1987.4,214780.0
2023-11-01,1987.5,1993.3,2005.9,1978.2,197630.0
2023-11-02,1993.5,1992.0,1999.2,1986.3,158650.0
2023-11-03,1999.2,1993.5,2011.9,1989.3,222190.0
2023-11-06,1988.6,1999.4,2000.1,1984.2,146280.0
2023-11-07,1973.5,1984.8,1985.2,1962.8,218950.0
2023-11-08,1957.8,1975.3,1977.5,1953.2,189360.0
2023-11-09,1969.8,1955.5,1971.5,1948.3,214080.0
2023-11-10,1937.7,1964.1,1965.6,1936.9,229640.0
2023-11-13,1950.2,1943.4,1953.5,1935.6,183700.0
2023-11-14,1966.5,1950.3,1975.3,1938.8,180740.0
2023-11-15,1964.3,1966.9,1979.2,1958.8,142920.0
2023-11-16,1987.3,1963.0,1991.1,1959.0,186810.0
2023-11-17,1984.7,1984.2,1996.4,1981.1,133120.0
2023-11-20,1980.3,1980.9,1987.8,1967.2,177890.0
2023-11-21,2001.6,1980.0,2009.8,1979.9,230020.0
2023-11-22,1992.8,2000.3,2008.3,1988.6,199370.0
2023-11-23,2003.0,1991.2,2004.5,1990.9,214880.0
2023-11-24,2003.0,1991.2,2004.5,1990.9,214880.0
2023-11-27,2012.4,2002.5,2018.9,2001.4,251250.0
2023-11-28,2040.0,2014.3,2044.1,2011.5,174670.0
2023-11-29,2057.5,2053.2,2062.3,2047.5,1910.0
2023-11-30,2047.6,2055.8,2057.5,2042.6,1150.0
2023-12-01,2080.4,2049.0,2086.2,2043.4,2009.9999999999998
2023-12-04,2032.9,2083.4,2140.7,2030.0,2700.0
2023-12-05,2026.9,2039.2,2050.0,2019.9,1420.0
2023-12-06,2038.4,2028.3,2042.8,2027.0,680.0
2023-12-07,2036.9,2034.7,2047.3,2027.4,530.0
2023-12-08,2004.9,2034.7,2039.6,2000.8,1370.0
2023-12-11,1984.3,2010.6,2013.2,1982.1,550.0
2023-12-12,1983.9,1989.0,2002.7,1983.5,570.0
2023-12-13,1988.1,1985.5,2033.3,1979.0,2220.0
2023-12-14,2035.2,2031.6,2053.0,2030.6,560.0
2023-12-15,2026.0,2038.0,2049.6,2020.0,630.0
2023-12-18,2030.9,2023.7,2036.3,2020.8,250.0
2023-12-19,2042.6,2031.0,2050.0,2025.4,470.0
2023-12-20,2038.1,2043.5,2045.9,2031.6,260.0
2023-12-21,2041.8,2034.7,2048.0,2034.0,540.0
2023-12-22,2059.6,2051.5,2072.3,2049.4,440.0
2023-12-26,2060.4,2056.3,2069.6,2056.3,290.0
2023-12-27,2083.4,2068.0,2085.3,2063.3,590.0
2023-12-28,2083.5,2089.5,2098.2,2074.6,129539.99999999999
2023-12-29,2071.8,2076.1,2084.1,2067.6,105720.0
2024-01-02,2073.4,2072.7,2088.1,2064.3,157560.0
2024-01-03,2042.8,2067.9,2074.3,2038.3,221680.0
2024-01-04,2050.0,2049.3,2058.1,2043.3,130259.99999999999
2024-01-05,2049.8,2051.4,2071.1,2030.8,214680.0
2024-01-08,2033.5,2052.6,2053.3,2022.7,220990.0
2024-01-09,2033.0,2034.5,2048.6,2031.9,218750.0
2024-01-10,2027.8,2036.0,2046.2,2025.9,205010.0
2024-01-11,2019.2,2029.4,2056.1,2017.3,301340.0
2024-01-12,2051.6,2033.2,2067.3,2033.1,272350.0
2024-01-15,2030.2,2053.4,2062.8,2027.6,285250.0
2024-01-16,2030.2,2053.4,2062.8,2027.6,285250.0
2024-01-17,2006.5,2031.7,2036.1,2004.6,254290.0
2024-01-18,2021.6,2009.1,2025.6,2007.7,171930.0
2024-01-19,2029.3,2027.4,2041.9,2022.2,172810.0
2024-01-22,2022.2,2031.8,2034.1,2017.4,152760.0
2024-01-23,2025.8,2023.2,2039.3,2020.8,156700.0
2024-01-24,2016.0,2030.7,2037.9,2011.7,234460.0
2024-01-25,2017.8,2014.8,2025.6,2004.0,196670.0
2024-01-26,2017.3,2021.0,2028.1,2015.6,119590.0
2024-01-29,2025.4,2024.4,2037.2,2018.8,150710.0
2024-01-30,2041.1,2041.7,2057.3,2037.6,1120.0
2024-01-31,2057.4,2044.8,2064.1,2038.9,1430.0
2024-02-01,2061.2,2047.7,2072.9,2036.9,1350.0
2024-02-02,2043.9,2062.3,2064.5,2034.5,3020.0
2024-02-05,2032.9,2047.6,2048.0,2021.0,1000.0
2024-02-06,2041.5,2031.8,2045.3,2029.3,630.0
2024-02-07,2041.8,2042.2,2051.0,2037.0,510.0
2024-02-08,2038.1,2041.1,2043.5,2024.6,670.0
2024-02-09,2028.8,2039.3,2041.7,2024.7,530.0
2024-02-12,2023.4,2030.8,2031.1,2015.8,1220.0
2024-02-13,1997.7,2023.8,2035.5,1993.4,1470.0
2024-02-14,1994.7,1994.9,1998.7,1987.2,1630.0
2024-02-15,2005.3,1995.1,2010.4,1992.7,1070.0
2024-02-16,2014.4,2006.5,2017.4,1997.4,800.0
2024-02-19,2039.8,2027.7,2042.7,2023.9,202430.0
2024-02-20,2030.0,2017.7,2032.1,2015.5,1110.0
2024-02-21,2024.5,2025.4,2033.0,2021.6,1090.0
2024-02-22,2020.8,2026.6,2035.0,2019.7,1660.0
2024-02-23,2039.4,2024.1,2041.5,2015.6,710.0
2024-02-26,2029.1,2033.7,2036.3,2025.0,1140.0
2024-02-27,2034.4,2031.0,2038.0,2028.7,960.0
2024-02-28,2042.7,2039.7,2047.4,2033.4,137080.0
2024-02-29,2054.7,2043.8,2059.4,2036.0,227070.0
2024-03-01,2095.7,2052.8,2097.1,2047.0,330590.0
2024-03-04,2126.3,2091.6,2128.4,2088.1,328250.0
2024-03-05,2141.9,2123.3,2150.5,2118.5,283150.0
2024-03-06,2158.2,2136.4,2160.7,2131.9,319760.0
2024-03-07,2165.2,2156.7,2172.2,2151.7,267800.0
2024-03-08,2185.5,2166.6,2203.0,2161.2,389680.0
2024-03-11,2188.6,2187.6,2195.5,2180.9,242420.0
2024-03-12,2166.1,2189.1,2190.8,2156.2,316250.0
2024-03-13,2180.8,2163.6,2185.6,2161.3,232270.0
2024-03-14,2167.5,2179.5,2181.3,2157.0,207230.0
2024-03-15,2161.5,2166.2,2176.9,2158.7,187850.0
2024-03-18,2164.3,2159.9,2167.2,2149.2,211860.0
2024-03-19,2159.7,2164.0,2166.3,2150.2,178160.0
2024-03-20,2161.0,2161.4,2192.2,2152.3,233570.0
2024-03-21,2184.7,2190.2,2225.3,2168.2,391750.0
2024-03-22,2160.0,2183.4,2188.0,2158.4,205810.0
2024-03-25,2176.4,2166.6,2182.5,2164.4,211610.0
2024-03-26,2177.2,2173.0,2200.6,2168.3,202370.0
2024-03-27,2201.4,2188.9,2206.5,2182.8,1210.0
2024-03-28,2227.1,2203.9,2243.5,2196.1,1620.0
2024-04-01,2245.9,2243.5,2275.0,2238.5,1100.0
2024-04-02,2270.3,2260.2,2290.1,2256.1,1700.0
2024-04-03,2303.3,2290.0,2310.0,2275.1,1230.0
2024-04-04,2296.9,2308.9,2312.0,2288.4,990.0
2024-04-05,2333.7,2298.7,2337.6,2276.5,910.0
2024-04-08,2339.0,2332.2,2357.0,2310.5,1310.0
2024-04-09,2350.6,2344.4,2372.5,2344.4,1560.0
2024-04-10,2336.6,2358.9,2365.8,2325.7,1620.0
2024-04-11,2360.8,2340.5,2382.9,2331.6,980.0
2024-04-12,2362.0,2377.7,2436.6,2338.4,2200.0
2024-04-15,2370.9,2357.3,2392.0,2330.1,1670.0
2024-04-16,2395.5,2387.0,2402.2,2367.4,1270.0
2024-04-17,2376.2,2387.9,2399.5,2359.9,580.0
2024-04-18,2385.8,2366.1,2395.7,2366.1,2550.0
2024-04-19,2401.4,2381.1,2418.1,2374.7,1610.0
2024-04-22,2334.6,2391.5,2391.5,2327.3,1030.0
2024-04-23,2329.9,2332.2,2336.0,2293.6,790.0
2024-04-24,2326.0,2324.0,2338.0,2313.6,780.0
2024-04-25,2330.3,2317.8,2344.8,2306.4,990.0
2024-04-26,2335.0,2333.1,2350.5,2326.6,720.0
2024-04-29,2357.7,2347.6,2358.9,2331.0,187310.0
2024-04-30,2302.9,2347.0,2347.6,2296.2,229060.0
2024-05-01,2311.0,2298.2,2339.5,2291.7,227380.0
2024-05-02,2309.6,2329.9,2336.1,2294.3,193660.0
2024-05-03,2308.6,2313.5,2330.7,2285.2,231400.0
2024-05-06,2331.2,2312.8,2341.9,2300.6,191900.0
2024-05-07,2324.2,2334.8,2338.7,2318.2,204620.0
2024-05-08,2322.3,2322.0,2329.6,2311.4,214690.0
2024-05-09,2340.3,2316.5,2354.2,2312.9,249090.0
2024-05-10,2375.0,2353.5,2385.3,2352.0,275240.0
2024-05-13,2343.0,2369.1,2370.8,2337.6,243080.0
2024-05-14,2359.9,2342.3,2365.2,2340.5,192080.0
2024-05-15,2394.9,2362.9,2396.1,2357.1,249840.0
2024-05-16,2385.5,2391.5,2402.7,2375.2,191030.0
2024-05-17,2417.4,2381.4,2427.4,2377.8,218550.0
2024-05-20,2438.5,2422.2,2454.2,2411.1,281430.0
2024-05-21,2425.9,2431.5,2438.2,2408.5,229420.0
2024-05-22,2392.9,2425.4,2430.5,2378.0,253850.0
2024-05-23,2337.2,2383.0,2385.7,2328.1,273660.0
2024-05-24,2334.5,2330.4,2349.0,2326.3,178340.0
2024-05-27,2356.5,2338.0,2365.5,2333.8,105470.0
2024-05-28,2356.5,2338.0,2365.5,2333.8,316220.0
2024-05-29,2341.2,2362.5,2363.7,2334.2,119320.0
2024-05-30,2354.7,2357.9,2360.7,2332.1,2720.0
2024-05-31,2333.9,2352.4,2368.6,2330.0,1210.0
2024-06-03,2357.5,2335.0,2363.5,2323.9,770.0
2024-06-04,2335.7,2360.2,2361.0,2324.5,1400.0
2024-06-05,2363.6,2335.5,2365.2,2335.1,590.0
2024-06-06,2378.9,2363.8,2385.2,2361.4,880.0
2024-06-07,2313.2,2383.6,2394.3,2293.1,1300.0
2024-06-10,2315.1,2299.5,2319.3,2292.9,750.0
2024-06-11,2314.6,2315.7,2325.2,2303.3,790.0
2024-06-12,2342.7,2321.7,2345.1,2315.7,600.0
2024-06-13,2305.9,2328.4,2330.2,2299.2,650.0
2024-06-14,2337.0,2306.3,2339.3,2305.8,420.0
2024-06-17,2316.9,2336.0,2336.0,2312.4,450.0
2024-06-18,2334.8,2323.3,2334.5,2309.1,390.0
2024-06-19,2343.0,2342.95,2349.65,2338.6,6930.0
2024-06-20,2357.0,2331.4,2367.0,2327.0,830.0
2024-06-21,2319.1,2361.5,2370.0,2318.0,600.0
2024-06-24,2332.4,2322.1,2334.7,2318.0,600.0
2024-06-25,2318.4,2334.4,2336.2,2314.8,1260.0
2024-06-26,2301.0,2318.8,2320.5,2292.9,990.0
2024-06-27,2336.6,2309.4,2342.0,2306.8,140230.0
2024-06-28,2339.6,2338.6,2350.6,2329.7,135380.0
2024-07-01,2338.9,2336.2,2348.8,2328.2,142600.0
2024-07-02,2333.4,2341.6,2346.1,2327.4,153710.0
2024-07-03,2369.4,2338.6,2374.5,2335.7,193640.0
2024-07-04,2364.6,2367.2,2371.05,2359.35,6930.0
2024-07-05,2397.7,2365.8,2401.5,2356.0,293250.0
2024-07-08,2363.5,2396.2,2399.3,2358.3,240780.0
2024-07-09,2367.9,2366.5,2378.3,2356.0,252490.0
2024-07-10,2379.7,2371.0,2393.4,2369.7,163900.0
2024-07-11,2421.9,2377.4,2430.4,2376.8,303520.0
2024-07-12,2420.7,2421.0,2423.2,2396.1,220930.0
2024-07-15,2428.9,2419.3,2445.0,2406.1,193540.0
2024-07-16,2467.8,2427.1,2474.5,2424.5,246090.0
2024-07-17,2459.9,2473.2,2488.4,2455.5,259540.00000000003
2024-07-18,2456.4,2462.5,2478.5,2442.9,192770.0
2024-07-19,2399.1,2448.0,2448.4,2395.7,254410.0
2024-07-22,2394.7,2403.7,2414.4,2385.2,197560.0
2024-07-23,2407.3,2398.0,2413.5,2389.2,171190.0
2024-07-24,2415.7,2410.7,2433.0,2397.0,245880.0
2024-07-25,2353.5,2398.1,2400.8,2351.9,294900.0
2024-07-26,2381.0,2363.8,2389.7,2354.6,154520.0
2024-07-29,2377.8,2386.9,2402.1,2367.3,126410.0
2024-07-30,2417.6,2392.8,2422.4,2388.8,3570.0
2024-07-31,2438.5,2420.8,2461.1,2415.4,1320.0
2024-08-01,2445.9,2458.8,2470.8,2439.1,1150.0
2024-08-02,2436.2,2456.4,2487.6,2420.5,2460.0
2024-08-05,2411.8,2458.5,2466.1,2373.8,1130.0
2024-08-06,2398.9,2420.9,2431.2,2390.2,500.0
2024-08-07,2400.0,2398.6,2414.2,2387.0,460.0
2024-08-08,2430.3,2389.5,2433.9,2388.0,580.0
2024-08-09,2439.8,2431.9,2441.7,2424.1,700.0
2024-08-12,2469.9,2436.0,2478.0,2430.0,730.0
2024-08-13,2473.9,2477.3,2482.5,2464.2,370.0
2024-08-14,2446.2,2470.6,2485.4,2443.0,560.0
2024-08-15,2458.6,2452.0,2471.8,2437.1,530.0
2024-08-16,2503.6,2460.2,2513.8,2454.6,590.0
2024-08-19,2506.8,2512.8,2513.8,2489.3,780.0
2024-08-20,2516.1,2507.7,2535.4,2502.1,660.0
2024-08-21,2512.8,2517.4,2522.0,2495.0,600.0
2024-08-22,2482.1,2515.6,2516.0,2472.6,740.0
2024-08-23,2511.2,2486.2,2518.7,2486.1,750.0
2024-08-26,2520.2,2512.6,2527.7,2509.3,660.0
2024-08-27,2517.7,2517.6,2525.2,2504.4,650.0
2024-08-28,2502.6,2525.2,2526.4,2493.2,2350.0
2024-08-29,2536.7,2516.6,2538.7,2513.8,10790.0
2024-08-30,2504.5,2530.7,2536.2,2503.9,6480.0
2024-09-03,2499.7,2509.0,2516.3,2481.6,10280.0
2024-09-04,2502.7,2500.4,2507.8,2479.8,5940.0
2024-09-05,2519.7,2502.3,2530.5,2500.7,6720.0
2024-09-06,2501.5,2523.7,2536.1,2490.7,6270.0
2024-09-09,2509.3,2503.2,2512.7,2491.3,4640.0
2024-09-10,2519.5,2511.6,2523.9,2505.6,5900.0
2024-09-11,2519.0,2522.0,2534.4,2505.7,4910.0
2024-09-12,2557.1,2517.9,2564.8,2515.5,9290.0
2024-09-13,2586.8,2565.1,2590.6,2562.0,10050.0
2024-09-16,2585.2,2584.8,2593.4,2578.8,4570.0
2024-09-17,2568.9,2586.3,2590.0,2564.1,6950.0
2024-09-18,2574.9,2573.4,2603.7,2549.4,10660.0
2024-09-19,2590.9,2561.6,2597.0,2552.1,8600.0
2024-09-20,2622.4,2588.1,2626.5,2585.4,9300.0
2024-09-23,2628.6,2622.5,2635.7,2615.4,8700.0
2024-09-24,2653.0,2628.6,2665.1,2623.5,13090.0
2024-09-25,2660.7,2658.7,2670.5,2649.8,21760.0
2024-09-26,2670.4,2656.8,2683.9,2653.4,17220.0
2024-09-27,2656.5,2682.3,2684.0,2655.0,640.0
2024-09-30,2647.9,2667.9,2675.2,2636.8,550.0
2024-10-01,2678.5,2644.4,2681.7,2644.4,460.0
2024-10-02,2658.1,2671.1,2672.4,2653.3,340.0
2024-10-03,2667.4,2668.3,2670.7,2646.5,650.0
2024-10-04,2656.0,2663.0,2678.2,2641.9,850.0
2024-10-07,2654.0,2658.8,2666.6,2646.0,390.0
2024-10-08,2623.5,2649.6,2660.4,2612.7,1050.0
2024-10-09,2614.1,2628.8,2630.6,2612.0,770.0
2024-10-10,2627.4,2614.8,2636.9,2608.8,880.0
2024-10-11,2664.4,2634.4,2666.8,2634.4,310.0
2024-10-14,2653.7,2659.9,2671.3,2648.4,390.0
2024-10-15,2667.0,2654.6,2673.8,2643.1,240.0
2024-10-16,2679.3,2666.8,2689.5,2666.0,380.0
2024-10-17,2695.5,2676.9,2700.5,2676.9,270.0
2024-10-18,2718.0,2696.2,2725.6,2696.2,220.0
2024-10-21,2726.8,2724.3,2742.6,2716.9,410.0
2024-10-22,2747.4,2723.1,2749.5,2721.8,430.0
2024-10-23,2717.1,2748.9,2758.5,2709.9,650.0
2024-10-24,2736.5,2717.4,2743.3,2717.4,340.0
2024-10-25,2742.2,2735.4,2747.2,2716.9,260.0
2024-10-28,2743.6,2739.4,2745.6,2725.8,570.0
2024-10-29,2768.8,2741.9,2773.2,2741.9,850.0
2024-10-30,2800.8,2786.9,2801.8,2782.4,191550.0
2024-10-31,2749.3,2799.1,2801.2,2741.8,242570.0
2024-11-01,2749.2,2754.0,2772.4,2742.6,180660.0
2024-11-04,2746.2,2743.5,2757.5,2739.4,145250.0
2024-11-05,2749.7,2746.0,2759.5,2733.4,151430.0
2024-11-06,2676.3,2752.6,2758.8,2660.7,361310.0
2024-11-07,2705.8,2667.7,2718.3,2650.3,292920.0
2024-11-08,2694.8,2713.6,2717.8,2687.3,233110.0
2024-11-11,2617.7,2692.1,2693.4,2617.1,281920.0
2024-11-12,2606.3,2625.7,2633.4,2595.7,282770.0
2024-11-13,2586.5,2604.7,2625.0,2578.1,262750.0
2024-11-14,2572.9,2578.1,2585.8,2541.5,266160.0
2024-11-15,2570.1,2570.4,2580.8,2558.9,179890.0
2024-11-18,2614.6,2571.5,2619.5,2568.5,195290.0
2024-11-19,2631.0,2616.3,2643.4,2614.2,202240.0
2024-11-20,2651.7,2635.8,2659.0,2621.9,182010.0
2024-11-21,2674.9,2653.5,2676.5,2651.6,186300.0
2024-11-22,2712.2,2672.0,2718.5,2670.1,220550.0
2024-11-25,2618.5,2716.9,2723.2,2616.6,305340.0
2024-11-26,2621.3,2626.2,2642.7,2605.3,177860.0
2024-11-27,2652.3,2646.4,2670.7,2641.1,2270.0
2024-11-29,2669.0,2649.7,2678.1,2631.8,1350.0
2024-12-02,2646.5,2663.7,2663.9,2633.5,970.0
2024-12-03,2655.9,2652.0,2665.0,2645.0,610.0
2024-12-04,2664.3,2651.3,2670.0,2643.8,850.0
2024-12-05,2636.1,2661.9,2667.3,2634.5,1670.0
2024-12-06,2647.1,2642.4,2655.0,2629.5,800.0
2024-12-09,2673.3,2654.5,2687.0,2637.5,960.0
2024-12-10,2705.6,2669.8,2708.8,2669.8,1410.0
2024-12-11,2741.5,2708.8,2743.8,2700.3,3820.0
2024-12-12,2695.1,2737.8,2743.5,2683.3,1690.0
2024-12-13,2662.4,2690.2,2702.1,2650.6,1070.0
2024-12-16,2657.0,2654.6,2669.7,2648.3,1410.0
2024-12-17,2649.6,2657.2,2662.5,2634.3,630.0
2024-12-18,2640.8,2651.2,2654.3,2587.2,880.0
2024-12-19,2596.0,2586.0,2625.0,2585.9,900.0
2024-12-20,2632.5,2597.7,2640.7,2595.7,510.0
2024-12-23,2615.5,2627.3,2632.9,2610.2,560.0
2024-12-24,2622.8,2616.5,2622.7,2612.5,420.0
2024-12-26,2640.3,2623.3,2642.4,2622.8,1400.0
2024-12-27,2618.4,2639.7,2639.7,2612.1,640.0
2024-12-30,2618.1,2636.1,2640.7,2608.4,110920.0
2024-12-31,2641.0,2620.0,2642.0,2614.3,86290.0
2025-01-02,2669.0,2641.0,2674.2,2636.1,144520.0
2025-01-03,2654.7,2671.1,2681.0,2649.7,121170.0
2025-01-06,2647.4,2652.8,2663.8,2624.6,169920.0
2025-01-07,2665.4,2647.1,2678.5,2643.5,161620.0
2025-01-08,2672.4,2662.9,2687.0,2658.4,197370.0
2025-01-09,2690.8,2679.9,2696.8,2673.7,156650.0
2025-01-10,2715.0,2692.9,2735.0,2686.9,298410.0
2025-01-13,2678.6,2716.8,2723.8,2675.2,211090.0
2025-01-14,2682.3,2682.0,2693.7,2672.0,179410.0
2025-01-15,2717.8,2693.3,2722.7,2685.4,193720.0
2025-01-16,2750.9,2722.3,2757.9,2720.4,186540.0
2025-01-17,2748.7,2746.8,2759.2,2729.2,156870.0
2025-01-21,2785.6,2766.0,2788.4,2741.5,56800.0
2025-01-22,2797.4,2784.5,2800.3,2782.5,39590.0
2025-01-23,2778.3,2778.1,2780.2,2754.7,1830.0
2025-01-24,2792.7,2779.3,2808.1,2779.3,1100.0
2025-01-27,2752.4,2791.0,2791.0,2746.8,3940.0
2025-01-28,2781.0,2757.0,2786.9,2752.9,3420.0
2025-01-29,2781.5,2784.9,2790.1,2772.8,3980.0
2025-01-30,2845.2,2796.2,2853.2,2794.9,188340.0
2025-01-31,2835.0,2851.9,2862.9,2826.0,165680.0
2025-02-03,2857.1,2846.5,2872.0,2802.2,181340.0
2025-02-04,2875.8,2850.4,2877.1,2837.4,145860.0
2025-02-05,2893.0,2873.7,2906.0,2870.1,167380.0
2025-02-06,2876.7,2885.0,2894.2,2855.0,167700.0
2025-02-07,2887.6,2880.2,2910.6,2876.1,192550.0
2025-02-10,2934.4,2884.8,2938.1,2879.9,167230.0
2025-02-11,2932.6,2937.0,2968.5,2907.0,218480.0
2025-02-12,2928.7,2927.0,2936.5,2886.5,204630.0
2025-02-13,2945.4,2928.8,2958.8,2925.8,169500.0
2025-02-14,2900.7,2957.3,2964.1,2889.9,228080.0
2025-02-18,2949.0,2895.1,2956.5,2887.6,218760.0
2025-02-19,2936.1,2954.1,2964.4,2933.7,159340.0
2025-02-20,2956.1,2949.5,2973.4,2939.3,172200.0
2025-02-21,2953.2,2955.7,2964.7,2930.1,163690.0
2025-02-24,2949.7,2939.3,2960.0,2926.4,2000.0
2025-02-25,2906.0,2955.9,2955.9,2884.5,5590.0
2025-02-26,2917.8,2915.6,2926.4,2891.0,2050.0
2025-02-27,2895.9,2931.4,2935.8,2879.0,207650.0
2025-02-28,2848.5,2889.0,2896.1,2844.1,210560.0
2025-03-03,2901.1,2872.0,2906.4,2866.3,177020.0
2025-03-04,2920.6,2904.2,2939.8,2892.5,188520.0
2025-03-05,2926.0,2929.0,2941.3,2903.4,183020.0
2025-03-06,2926.6,2929.5,2935.9,2897.6,166360.0
2025-03-07,2914.1,2919.2,2938.8,2905.3,237580.0
2025-03-10,2899.4,2919.6,2926.4,2885.2,221610.0
2025-03-11,2920.9,2893.2,2929.0,2882.5,194120.0
2025-03-12,2946.8,2922.3,2948.9,2911.0,209820.0
2025-03-13,2991.3,2943.3,3001.5,2942.2,256560.0
2025-03-14,3001.1,3001.4,3017.1,2988.6,181490.0
2025-03-17,3034.1,3021.2,3038.6,3019.5,17360.0
2025-03-18,3068.9,3036.9,3075.1,3036.0,28600.0
2025-03-19,3069.1,3069.3,3089.4,3059.2,19960.0
2025-03-20,3071.3,3085.6,3092.8,3060.3,28810.0
2025-03-21,3048.4,3080.1,3082.2,3031.2,46900.0
2025-03-24,3044.0,3054.7,3066.4,3036.0,96480.0
2025-03-25,3039.6,3030.6,3055.4,3025.9,1370.0
2025-03-26,3037.3,3039.5,3049.7,3032.8,1680.0
2025-03-27,3075.8,3040.9,3086.0,3038.9,2860.0
2025-03-28,3114.3,3099.3,3124.4,3096.3,210490.0
2025-03-31,3150.3,3118.8,3162.0,3112.4,228390.0
2025-04-01,3146.0,3157.3,3177.0,3130.5,197310.0
2025-04-02,3166.2,3147.5,3201.6,3135.7,223120.0
2025-04-03,3121.7,3196.6,3196.6,3073.5,382860.0
2025-04-04,3035.4,3138.0,3160.2,3032.7,341150.0
2025-04-07,2973.6,3055.1,3084.4,2970.4,328520.0
2025-04-08,2990.2,2997.5,3037.9,2988.6,197580.0
2025-04-09,3079.4,2998.3,3118.5,2983.3,298330.0
2025-04-10,3177.5,3099.1,3195.0,3086.1,234970.0
2025-04-11,3244.6,3194.2,3263.0,3193.4,247320.0
2025-04-14,3226.3,3246.0,3261.6,3208.7,189620.0
2025-04-15,3240.4,3226.1,3250.9,3225.5,123470.0
2025-04-16,3346.4,3248.4,3358.4,3245.2,258380.0
2025-04-17,3328.4,3357.5,3371.9,3296.4,242070.0
2025-04-21,3425.3,3347.0,3442.3,3344.0,243460.0
2025-04-22,3419.4,3435.1,3509.9,3379.1,423080.0
2025-04-23,3294.1,3367.7,3396.0,3270.8,377410.0
2025-04-24,3348.6,3301.8,3377.0,3301.3,239600.0
2025-04-25,3298.4,3362.0,3384.1,3274.8,241250.0
2025-04-28,3333.0,3318.3,3347.7,3266.3,1300.0
2025-04-29,3333.6,3354.9,3359.3,3309.2,170150.0
2025-04-30,3319.1,3324.5,3337.6,3275.6,207720.0
